rainfall,aqi,temperature,peak_hour,location_risk,risk_score
11.989480056676152,54.79085561844153,26.00589831505486,0,0.49588030539112943,0.35023017703971626
19.08390028738362,205.74713054082346,33.522145409050445,1,0.3500250306098054,0.7558507610853199
0.0001458373423135484,51.93832167941042,31.298912458783867,1,0.7784358446054986,0.297577933046154
3.8365943284133475,112.61923534400334,31.74720704747746,0,0.5688262421180068,0.30712550258790233
14.033335839059566,115.31677120496984,26.323219163710274,0,0.3165907506056587,0.4304985384313398
18.25136005276815,177.52216283031413,37.23736707867225,1,0.7581317702286551,0.7761583432486557
13.565951518587063,180.17966376576916,44.00494028642344,0,0.6279015215241531,0.6244036092119987
11.727710092696157,263.3754939923184,42.94779567164608,1,0.6145720250203588,0.7677543971464135
19.475217211711097,291.8579844042071,43.93547896285523,0,0.3667866641941939,0.8129658258057022
10.661073319729697,102.186412792503,31.258576341158882,0,0.5304729282315171,0.40935394675787773
2.194963248313473,279.385448919552,36.022373695960894,0,0.5363460979230161,0.4675661577331047
10.548014812935886,123.39839514426879,41.66834555739777,1,0.3252310896746276,0.5705218366824962
9.567954816698766,189.53215100667495,23.950403449669857,0,0.49419541068202255,0.43009332206512474
19.14329822357078,119.88362268056498,24.364843391634004,1,0.5355937645564113,0.6346397783984987
10.545394615996972,24.31484495336469,23.20737546754892,1,0.35388637635711595,0.36349214117431683
18.50656948002692,285.3441070297774,37.22423434733349,1,0.38800503682927157,0.8513549826971765
12.421571740678656,201.93123359536423,31.76747841295049,0,0.4224292080838442,0.532156530343328
19.858412927468144,30.782185848915265,24.298714496654025,0,0.6700252668504253,0.47109922574457447
14.169360936879619,209.31473804137383,23.892050254338336,1,0.5152636772209074,0.6321572236848879
4.220483800375643,220.5483093262994,35.232771364667265,0,0.3903975404917986,0.42484315807005657
15.962479725655562,273.83261058178385,35.75262388581926,1,0.48657568875345475,0.7963493179710172
6.1981158964581855,220.0796654595605,25.2827379443816,1,0.3385940638952364,0.49410252770339197
6.613868707868072,259.922028819051,38.861826913763046,0,0.3349412593921389,0.5223298186285343
13.916222432260085,49.049677552786264,41.05011837538646,1,0.38372569358172043,0.5572568497278285
16.036086737637323,285.7889061253562,44.38440036219518,0,0.4780050256449242,0.7605273287716728
18.03997877426727,213.3741852183104,30.767300713078384,1,0.6191396611459277,0.7555915841610507
17.869351004958343,256.76900542005177,32.90975806576234,0,0.5831316513047772,0.7052543615318744
9.671752524818807,280.39664343573895,44.6153403504039,1,0.38902077491553005,0.7362464322140445
17.895701565825785,143.61640104086644,41.86755800175655,0,0.31512838305120794,0.6195093647584776
17.36808707123368,295.8454649962935,24.28495606389545,1,0.5561450333844467,0.7811112284647002
0.9194978563842082,46.01119215691393,33.55523071444134,1,0.5520128765484682,0.29863507658513244
14.32071179634669,113.29524190557521,30.030176696250386,0,0.4632678435864795,0.4704155428777925
12.47062608212375,290.8614631683245,22.07294537895001,1,0.7825144644556603,0.6997865383247562
19.336304024566687,260.4300594503237,26.16346139516785,0,0.42052991321692673,0.6778491395729405
7.493571827562855,168.57536950919516,35.01870362827681,0,0.4626751267972132,0.4360926109409273
14.986200757322802,180.0338901629631,40.042665493032246,1,0.3740742766053408,0.6999558240348397
17.552724874009414,228.1668391798532,26.750038257986084,1,0.5546426449226383,0.7313040185151982
12.242040837565682,187.75845889398664,21.359027423285507,1,0.49753200683075094,0.5599015387741741
0.7284134596479497,103.85977086315081,22.95311818667033,1,0.34189155904710644,0.2685148714317226
3.4488858045957915,284.3314880183077,42.15508078181007,0,0.6644186847685005,0.5440593427664445
7.4826505792178954,117.97373233569117,33.679053318466984,0,0.7757621636025527,0.40857065374306145
7.191567592405999,59.439657840357455,23.12594035644615,1,0.32462011746391783,0.3365097445925311
10.349563334124772,30.25821138875965,44.89445546644756,0,0.6348681323009658,0.42422911576472505
11.936773180211318,176.17021868526768,34.50626447340075,1,0.6881020436949475,0.640911540548865
18.424026310538533,180.32084485430488,20.927689395947123,0,0.6463954697340387,0.5729469886378158
3.8916767946060116,79.72930987207087,23.822938833996677,0,0.6502851085642101,0.23579979763807712
6.270316492223092,38.49852573930243,32.683703364371944,0,0.6449845224507519,0.2888297367845134
11.218540601723044,161.75371692492493,35.20918939639053,0,0.5362763405637504,0.5029609478897964
6.018690965357645,242.19065844549618,35.728540763974486,0,0.5534851584088833,0.4972375107639902
11.16574433613994,205.65920409990787,42.449607141291935,0,0.5206480475521469,0.5878221775853231
10.697935748512998,57.338774436981616,40.06100431014939,0,0.36843439070330014,0.40176211496718545
11.07153187043872,24.41573997921217,44.227056818078154,1,0.4861783924247603,0.5121477278628348
2.871877862500698,49.106387365500346,36.75628469714403,0,0.6566987824780702,0.26557183638993376
16.248762020194174,205.10807532876495,40.67648743196519,0,0.7145919864428587,0.68497953391824
2.1803387902264926,78.16222313207192,22.11633766204186,1,0.35712815934006986,0.2647289938672937
1.4376299726161235,27.05570594596407,30.057379129520015,1,0.6014351262541505,0.2727020178692814
19.09333857827519,79.78847305700307,28.00380258207629,0,0.3885485285640973,0.5007995665256864
8.382093284555957,145.95160039160854,24.69280562779919,0,0.46620493638665794,0.36741556027679867
14.406445309775238,33.19747048264533,35.31302096878406,0,0.5420523743394481,0.4313936266503611
19.935465777566698,161.80596723837158,39.300561177480944,0,0.5425914116077408,0.6807391265714486
1.479867575937841,173.04802544981908,25.066211576727724,0,0.5615570822941793,0.28549868571851555
14.092573849066444,121.34278735569858,35.431452648455526,0,0.5585899730920534,0.5164105429142998
8.768578569209977,220.10712308734793,34.678360760956146,0,0.6667376856720235,0.5283011811814617
0.7173031864735502,196.42019950065932,44.84595366849089,0,0.5029750843249734,0.40834623570738915
16.659452302800446,35.92703212332245,28.207158069521363,0,0.742458751383946,0.45095627097785296
3.479478753232703,224.1745655680394,36.060122582034765,1,0.4608408103576612,0.5275102602775864
4.864893028192556,92.80904616894347,24.779048425599257,0,0.4410529821815322,0.25072426293406197
0.5876225473410357,91.52890406481453,33.62123185441473,0,0.6470426554303756,0.2482439553128086
0.5737321452055433,281.94763130044026,30.44966381546996,0,0.44643514320753225,0.39932944105511026
19.06343930882777,266.07861969491813,26.485173162366277,1,0.4747939971465143,0.7860792462882532
16.71616297262059,272.04232963660775,26.387698725697287,1,0.37674388624107646,0.7405757626357594
14.29502427539573,230.72667326659527,33.92515960036606,0,0.7071736139746941,0.6351579170856863
1.1724558906583837,137.151242098475,38.54541442577056,1,0.6825240241953043,0.43719410915915047
16.595085385032558,190.5364942687729,33.239342643952,0,0.4459188332340076,0.6049784276939555
0.48674417755684374,299.3021193639788,25.12027907682552,0,0.4189976176738362,0.3804415786995603
4.265089559526594,138.30734515025813,28.658286233062384,0,0.5721721679585692,0.3221133466362047
5.350250305670614,284.60138877831196,37.6134670992998,1,0.7452057305528665,0.6584321447786331
16.47762927593056,222.10588966713286,22.134648314159254,0,0.7656348211714328,0.5998357739980165
16.9548711437967,153.49956960261824,34.69686618902307,0,0.44210027685121284,0.5826010394383202
11.844222800765014,41.929745879710765,29.032847219798015,0,0.3452269994777869,0.3379234281596653
7.7664212226461,67.3362500111968,21.31452399494544,1,0.46141758377698644,0.3572775237548748
12.367700438512832,145.25480161298594,22.84752534523986,0,0.7231028336393199,0.45108499472233154
3.6311743687811115,191.61440178364117,31.198491742331992,1,0.6760376378764297,0.48995466747894556
13.709330571670417,89.4880193978054,25.907379796963337,1,0.41957354078808834,0.5068029372626266
15.014083054638846,176.83195318375365,21.002278546666133,1,0.787129625729226,0.6243050404928528
13.134883139282316,69.07762002076643,37.64272388053466,0,0.31789778200931107,0.436584196442346
7.491892749019266,224.59818949443442,31.18869308199895,0,0.7324775615674166,0.496086227251007
13.718353752257906,222.96723138355418,21.839096165373466,0,0.5104595178002667,0.525118950820335
19.48910889599881,261.51867011502645,32.31137473910413,1,0.4288216682932434,0.8193284910589548
16.988410861923004,61.74933800379022,29.72070547841577,1,0.31819883738883276,0.5491906446968207
5.674565492158652,288.0206117170889,26.404859634847213,0,0.7460746452531131,0.5003621301642599
13.728271994689173,124.88833431283463,25.963644210437284,1,0.4541051779984488,0.5463254772823637
14.9408100236028,57.77175444636754,34.254499583839156,0,0.570153321826431,0.46177825954509455
1.034295414815689,267.9784942785781,34.034772194987696,1,0.7101606349851715,0.541303360706296
16.600513943838617,270.5993165308438,21.22989980698442,1,0.5646348568092641,0.7249511950708525
3.0589929447614406,166.98443833765967,29.876724394261053,1,0.456246622158706,0.4254018234524217
9.244634444390304,71.69056594319716,34.7105432375678,0,0.47273152209729363,0.36900808035516364
10.92807591835963,155.62914503069132,39.46785407964519,0,0.5348814041032541,0.5171657384901814
19.807643603540946,186.64277703025687,36.33491926533911,1,0.7234859276840931,0.8036346484526673
18.344216065026316,81.5845313610553,41.58195998637968,0,0.7850686033570164,0.6106069327529955
2.014407267390259,100.3980026129142,31.446337295397782,1,0.6724523542939269,0.3715733889940231
14.928599187418772,212.72318939030805,20.89786680951925,0,0.6840801140113665,0.5477688874283887
8.981174739592559,188.5687494230334,22.68010956437311,0,0.7985909769913947,0.4416790624512813
5.642355839425594,42.42514897975782,34.71625458962063,1,0.6543774573622846,0.39490164944365796
16.47201356988417,98.40866374483632,23.42311279230221,0,0.6489601848606334,0.4721035964576859
14.891333954488017,84.37607342882801,29.341706859695737,1,0.41363465857140064,0.5423881246476827
10.306714175089223,206.7959132618154,25.8234363370966,0,0.5883212881068571,0.4809361581591421
11.781966590771095,78.96610807187889,29.21235267540246,1,0.5231844168885618,0.49274308115164406
9.656888983249491,70.98385853180847,29.29333163429463,0,0.4477720024071859,0.3405166057851609
8.629092292723385,115.77767638178965,21.073158533764577,0,0.5231331507529902,0.32553905778233533
19.63665185967922,43.07549498563482,30.0424656357025,0,0.36636406843281716,0.48360810318751785
8.774505037817699,263.78752092822344,21.39037674681233,1,0.5006802464507243,0.5757516442159796
2.4169260132517945,280.34696363542525,29.79435931772295,0,0.5330217925012124,0.43471150402379066
10.418728980698207,230.62589009066056,33.45623682858488,1,0.5840396166940925,0.6520950298937978
18.370630894356463,275.9558760839683,29.208069129923835,0,0.4273575091923635,0.6954260824339856
1.9292137432498624,261.12976913567405,30.715086653435527,0,0.6469395271490488,0.4238754822780646
14.781837952988198,74.1170353663984,36.29954731180895,1,0.6341976967488643,0.594016253089432
2.7633228524630993,39.995985610037394,42.81993733828554,0,0.3116660202699769,0.25644036158485256
2.387434581686454,104.79134669447431,22.16754733583381,1,0.33412457162520287,0.2929891930515104
19.473618438370007,262.60231720321167,42.6762056168256,1,0.3543463611353523,0.8748825096891755
16.297001594707076,117.1809432569173,24.84792602714217,1,0.39442183687352467,0.5709082110144967
4.8603558250395,236.71942088265186,35.203457630227604,0,0.3331986508155489,0.4463162586837636
14.965589781550431,59.82375589681324,31.75355651919412,0,0.3136729312125805,0.4236102093103685
18.853027963593433,295.2356834676497,44.46687841970805,0,0.4975743109197727,0.8217223744407604
8.644270562167055,24.329955810452113,32.75598357227545,0,0.3059973701457561,0.28274032909660385
0.9838686563654542,52.59281841274168,22.018858207429165,0,0.6148970525629753,0.14341337440000965
7.0344061851782484,27.765267290883703,21.278096883794685,0,0.3766037988015802,0.19619633671442915
8.410155140468527,180.4393279728166,24.334559125627447,0,0.3817575664805245,0.39180015433283294
3.0589212704070956,173.6173223329918,33.95660129798506,1,0.336491526965081,0.44453720504953437
9.434026948668333,165.82259711367166,39.88730926061629,0,0.38212591625101894,0.48845451590416705
9.641494699244626,225.30128016765406,34.83446570280876,1,0.40068217036853404,0.6231024486581409
19.25754182210235,260.29766618328483,26.70802523643862,0,0.3402189153090226,0.6715746910196099
19.90283153192849,176.94270960644715,28.378575404670656,1,0.3083906165240237,0.7063527754956219
15.329933603396363,261.8039284079216,42.60253437436603,0,0.5978028178577544,0.7254732544993295
14.550282349213381,221.22873042668363,34.34718085924118,1,0.5755235199260977,0.7194941086859746
12.419783990815459,217.14738177824702,43.654765580687,0,0.4337261558207743,0.6197948106837169
1.2519605086303587,293.2826974154052,23.934898958872814,1,0.3827469087007202,0.4770760909397454
8.98419770228967,153.69782508729946,27.832632679407766,1,0.5360382213578005,0.5115209030895954
13.734951425039156,118.85797480896458,35.50872906393814,0,0.3470560388604858,0.48697760301682724
19.20206336406587,117.25849635465215,42.47752358783876,0,0.6456599247642241,0.6527257392292598
12.558331989886426,265.2105139382346,35.733004463837695,0,0.45628534145363614,0.6250078846896368
4.029280901611356,22.91407433392981,29.561329604054343,0,0.6638926536956735,0.21718373310602193
6.035346997062985,275.4616520054171,40.06473953782829,1,0.4704862860914379,0.6485172902901328
12.980716238322307,89.55335539781892,44.12634217730787,1,0.383517131985829,0.5998256558308894
1.9007444179331245,24.53730088990717,27.428581751999737,0,0.6216214904584358,0.16453396776157886
16.29001345267998,30.310944995277445,31.95872077904682,1,0.5574812126041406,0.542886626351872
6.477008701164455,66.56732189865932,27.816368199644565,0,0.7027872728476674,0.2970919106516714
13.066178421246326,46.74757114051545,21.71387634677105,1,0.7584466724006463,0.46153361883301713
13.258616161071624,59.167880240600134,28.75856505758083,1,0.6945881437806783,0.5132038677829063
1.6847208803324376,282.579941300312,35.55688067187826,1,0.4603723901028624,0.5514410797476854
18.618601139397285,95.76843635128557,30.287409633725893,0,0.31016803243747815,0.5143352173368412
1.1359012625087672,176.73599029041114,41.51365703900974,1,0.6209610524294498,0.48779230986131794
5.140869975741245,67.14978548819815,29.25249111075303,0,0.7936069976813742,0.2919906564963255
15.371636617475414,181.63079631569016,33.43072062642534,0,0.6281902667765515,0.5940377875577171
16.655360157270678,117.69320999750262,20.01362817968883,1,0.4668242244282377,0.5559262042706962
0.639548625066273,200.60985354672718,24.966510632881878,0,0.7243252778781981,0.31403354607049805
6.661897934221623,107.60383044666564,20.495445808712773,0,0.659482289193436,0.2931079480671643
13.145269705603477,23.89708546995906,40.454884945807095,0,0.3330888023481182,0.4099774952276743
0.24887379516148167,208.61683635461688,39.57330240031648,1,0.6457341964291207,0.4949853618147537
10.328295666308389,56.09494571745758,25.54333321477971,1,0.7697323275680885,0.44707335192334147
13.909522968875043,262.8591350728947,31.62356092037295,0,0.5748510854801574,0.6335022610984613
14.703394321555583,251.54426151885244,30.41077936414663,0,0.46398678263315785,0.6177170165942707
1.3104719865334835,112.57244260327661,20.313294256285122,0,0.5580420486760509,0.19318967277292842
11.631971931807584,255.01592218987832,42.58917883493832,0,0.3627034818982951,0.6303808521959705
18.234253759170073,159.92285565970636,27.15888114482502,0,0.6738432033033983,0.5893599036444725
6.070469259519449,259.0993960010146,26.639122765111143,0,0.4442557065472246,0.4495929152879943
18.582627279711353,277.1241509064273,25.55200352375539,0,0.5947415475759696,0.6951063042015052
10.519013240288825,115.93176401676384,35.48619564013489,1,0.5646653580826829,0.5493982053708959
0.4186343633514489,259.776636762893,31.267234632891125,1,0.6838425413037131,0.5030904000492614
18.21553878840033,177.33704084889544,42.00679841395416,0,0.7234438151753352,0.7004941416471596
10.874754004128954,228.65418083664727,40.21749505626733,1,0.4764176628579198,0.6879091125322999
16.28517384477925,205.36804747302662,31.884810133052987,1,0.4489081247377015,0.7065582630287515
7.647208551339468,148.64827906446556,29.70832608109029,0,0.5316537053902152,0.3938897557384695
8.375663920441763,81.39137253448276,33.23136138193307,0,0.38069838274901974,0.34542349770871394
5.680177341314579,60.20312493545679,24.85096351238295,1,0.5033194580751741,0.33904395529027703
18.710015337090045,28.610473778118696,25.29306052866725,0,0.39203525086017954,0.426997630435216
2.949232932077883,266.3364341843734,24.129941249672292,1,0.5252051857648627,0.49524817657025627
14.526873779771359,95.74103338122303,26.277463989821452,0,0.5835946434937427,0.44598557281552476
16.52791730544202,46.392575966005445,30.338868163298983,1,0.5198088724737202,0.5496452250384067
15.637746755560062,101.90031824345046,40.20564364738733,1,0.7561887160460696,0.6724136199546825
0.14041982758378424,274.9110447978728,31.275522143415962,1,0.3062907921228771,0.4756506038533725
6.177432696337302,260.587359613854,38.65429644281738,0,0.58328841377451,0.5389470518341121
19.870195148739334,161.46868565584518,21.817590953305203,1,0.5908347849002961,0.6791861249686444
3.276376471004545,247.01842814674288,22.19992588370573,0,0.48429030526666544,0.3659836022182233
7.75894300367193,271.21107305083933,39.24176331680413,0,0.6107246191584002,0.5835156174317628
10.98589825145806,108.93849550347026,25.774544588139683,1,0.5745244650862099,0.4932914289414454
7.608533854188599,206.99743503218488,43.387501367714655,0,0.6722164773412276,0.547693433420896
3.878484337646244,150.09761658836774,26.77848697601962,0,0.7861499966029913,0.33725701401359387
0.9618789723036736,288.4097376090267,21.207388127315365,0,0.4974008545441939,0.36222703384265253
6.730575553068691,169.4356314365127,39.397962575187265,0,0.5538274671383719,0.45899122578017554
8.472806849650276,184.9837143733266,25.439653271274537,1,0.7856509270991497,0.5444608465797686
18.531618080300895,132.9955632759582,34.71157033469967,0,0.6380752701341785,0.6093758287028397
9.315214270164343,54.99833396218662,26.02240118859084,1,0.5739314215686349,0.41154213297847114
0.7701086683262992,40.75176817156078,35.173896069790295,0,0.5400755643595407,0.19927960272196688
15.718273720160056,221.40089574679348,27.833398194261004,0,0.7242012819520199,0.6158912032103625
12.399326453679908,267.2463853980282,24.08210519736641,0,0.3976472036082073,0.5484919498824457
1.9921877400165755,177.77270418073806,39.09468968889801,0,0.3825398141101723,0.3654581091754334
0.9741168086242413,48.90447482153526,29.137897215836087,1,0.36959355731097077,0.2577382579985731
10.277237489967305,290.09403478580185,26.92283110914787,0,0.740037813893527,0.5854864589044697
9.742858470541744,225.23838327820513,44.62954306895975,1,0.5939468863591044,0.7029103535623545
11.984720864207127,168.97753211030528,42.145423222252546,0,0.48335445468532867,0.5599181320359781
14.090553457396846,153.7094859163874,39.835682942803416,1,0.653372200158205,0.6846454890934731
18.59870769342078,83.86806305786547,23.224817189455912,1,0.7491450914181602,0.6036088599712806
4.189637942114281,69.04465270948417,22.46543771893133,1,0.6226585141981905,0.3194217944298911
3.122672230286405,174.1692856474937,36.99229461903311,1,0.3076392451859245,0.46153374191029684
17.39394143744687,222.89285159313695,30.941530334373628,1,0.7773824425981173,0.7706742530145108
10.615590500796435,245.90050325469403,30.876356420493472,0,0.4187204904528259,0.5388035245868751
3.0347728464008883,268.50316153298,23.759680559134683,1,0.3108683622921043,0.47525660592901403
13.793272736511181,128.4668759479776,29.442500731451222,0,0.45162666945488755,0.4716668201711194
0.4446135280329866,234.73266859260582,42.63971063333728,1,0.725904740411766,0.5509421431743833
14.49790291970233,115.47039329687543,22.016343177989746,1,0.569393942492561,0.5382211477088608
17.663931940758932,140.1761022221334,30.686653139820905,1,0.41945684763668695,0.6553605147880088
15.054119479569765,45.25402153859475,23.241152544705933,0,0.7113533187825725,0.3992833595775585
9.471287131309937,57.461344140690386,26.431500053509524,0,0.5806692188167515,0.3198647911413466
3.4166105304333083,55.65389967455136,41.742590723366874,0,0.6660330037063664,0.31250342866797215
4.663679654518558,164.4346576729965,29.521004048220966,0,0.6317212537258443,0.36634720128898146
18.029049105733254,266.5900311870462,38.20572323628113,0,0.3110014062201755,0.7224328705770825
0.33804190247554766,260.32617434954784,37.6056086012335,1,0.35875308872560446,0.5077508681228313
12.06498293263377,27.42859728259384,33.364141648164804,0,0.6293172350904304,0.3816823720017166
2.479465259245499,44.04318785261567,22.597509947998134,1,0.7340594331156785,0.2764248328889686
9.395318733786823,78.15331080970964,28.577938526039436,0,0.5559516608000107,0.34963418588721673
15.310019095921763,36.67141803630106,43.57094217791665,0,0.554701192608589,0.5014925245432906
10.943421569973495,211.6573466658161,28.861663601281276,0,0.33598184507643236,0.4899353902556831
3.721141035714748,200.21364340476546,31.667929121632586,1,0.38316638918522233,0.4736578251780913
2.031154499679122,113.56951194308654,22.882209754238836,0,0.6824268737649827,0.23465066158940243
13.352061566203698,106.73788928482362,39.39107633512154,1,0.5532416504051558,0.6120695897446332
6.23702793809811,66.2625893876727,27.204659252751476,0,0.6261631945738519,0.28125485327828365
10.845677505974598,234.85407114967114,28.579578358325705,0,0.7509603110342875,0.5512269287576095
4.442550499760238,188.06619113796668,20.316136769038984,0,0.41569184997121494,0.3092768304951262
4.404651982857302,260.84310533191183,41.51548253520364,1,0.4746131905945389,0.6144787293025902
0.7121260369904969,235.78902193328685,33.506730168956956,0,0.45854551081817174,0.3751461596761795
3.6004124979167695,284.9583570250125,26.575926917849475,1,0.5187998072175053,0.5393011179674033
17.79559818573955,238.45310170579955,32.12248789876443,1,0.6351202221571826,0.7861230195645464
13.632302925152555,116.25910000365107,34.53655955234086,1,0.4785527835366563,0.5898990368615316
19.514783758741615,132.99791406416114,27.044944518698202,0,0.6875589874356517,0.5855321956978936
9.115176311571698,169.9441110534342,42.97585015839848,1,0.5757132159599399,0.6248861190523237
16.02581013533506,154.97431941463805,20.800982472383108,1,0.42875275185107853,0.5831071668024082
1.41960030703703,37.8411188318739,25.958412247599078,0,0.6143452110887457,0.15986911879949098
16.53036642900046,210.93286571854915,40.87258150504639,0,0.6495327045033609,0.6904030377066716
14.465637888026112,186.9866561911239,20.993588789467374,1,0.4464277237976627,0.5907396243481513
4.968359777587592,159.74711509646392,41.74276021607885,1,0.6518890899869495,0.5423388814994148
5.18210809776098,293.628574378368,34.559484716945484,1,0.6035243476365939,0.6320248091545174
6.0967469090192505,262.05266857388676,42.93815992749799,0,0.48018308188843134,0.5543930072355546
4.631563828562804,162.2408722899488,34.9518874576056,1,0.6961845220397613,0.5026230162394076
19.99084517908629,151.86232268241835,25.329081974362044,0,0.3882562187560701,0.5725022270382077
4.965449100735442,46.4377039111192,20.991982049327824,1,0.6444423302838933,0.30372918849834574
19.92805871477597,123.9558671029726,44.62386589831196,0,0.6310906620449064,0.6835491562059145
5.61209194863088,84.75337438377576,41.68954190193141,0,0.40023524012215606,0.35312575890862025
16.810073221458566,235.5069211730931,30.824065736414443,0,0.6158539608629215,0.6562129930533969
12.911448752033518,208.78335415496525,33.10147845484807,0,0.6621023803896631,0.5795528160836065
16.209295490336572,132.64216382249236,27.167778411176872,1,0.504544287536976,0.6097659341241413
1.2666666150279537,285.5661837103732,23.68669202396954,1,0.7285755089930411,0.5027105525164838
18.01488757008225,136.63026677246333,31.945005372598423,0,0.3081518838119165,0.554376019865685
6.70963046619155,72.75826446308946,38.484381673405494,0,0.42920345596483117,0.34400343325835764
13.561562840420208,281.5354360472161,21.200985839667382,0,0.49813521137443845,0.5758822219300178
19.06395867376694,27.721511770258335,43.497449594776015,0,0.4614582234840526,0.5484713084782411
19.187536837535145,58.67765020251299,25.1116673844437,1,0.7745417861653932,0.6025837277825795
15.234801247203169,154.01006973969263,44.626799376524964,1,0.7292566740716238,0.7413055552320601
9.267818086906143,274.50407904623603,34.381390323428306,0,0.5535479767321239,0.5783340351808758
2.4067969736837225,179.2858678311924,37.44664217894608,1,0.5773956984881284,0.4838242377931468
6.624813715814599,195.1557957194347,43.56540851247657,1,0.4477608424230438,0.597258571063354
12.356087506579005,41.57211110845131,28.925479361499328,0,0.4050333483332559,0.3518598534759054
0.7252124210642474,137.81323396009986,23.67869995158872,1,0.41893534616713524,0.31447018565497
16.278360506477686,261.5050800852026,34.70008767320003,0,0.7213185221988121,0.7067087672076434
10.643287268130033,158.6546196475971,34.690134161686196,1,0.3996569677292227,0.5730186485829121
13.126753649796365,94.18862729512452,21.63830663274054,1,0.6529676061833074,0.4990334165813349
4.890454698243363,63.418554459442966,38.23018785334536,1,0.7780913831007926,0.43619177710885326
11.135922559688666,298.10426076319123,28.96674275976214,1,0.5644368135215592,0.7032270434684718
4.9467160664924625,180.5342255415695,37.11965859101778,0,0.36432550528943364,0.4062522587802376
8.210421200918647,64.39576533835569,44.148854183555486,0,0.5740790423606011,0.41037916569182503
10.699177959888157,79.00119201041576,23.423624035328025,1,0.33501882033583774,0.42028043255401043
2.4237995623531727,213.8370833136156,30.779401671618267,0,0.674673562385069,0.3883973419230126
13.754384987314586,242.62798128711864,39.44180296614002,1,0.5435942873144468,0.7543399650934086
14.305717461779713,164.70980403695324,37.02938778795947,0,0.5290121353121753,0.5701373998770726
12.880215385709802,290.41433361220527,43.46029369887866,0,0.4076156358732235,0.6973414286427211
1.8150380126518795,51.16395507883699,33.319226164423,1,0.5855503359028206,0.321397510877065
4.886824731579782,228.73956752474294,28.400185619060935,0,0.5717006170593657,0.4218301757476913
16.077787013359174,244.46678959784688,23.6069068096054,1,0.6116332683780191,0.7086328300270667
4.134703261512178,21.98052894919167,37.89617281106197,0,0.6974913879465037,0.271464011686677
6.68324671386096,67.15957579339235,27.421646201732948,0,0.324220867118266,0.26106835720818344
19.869082245063783,150.97691416357802,41.187807640541564,0,0.4053895501429623,0.6663516543097399
6.4279206093420305,129.56044580016103,25.98868635128007,1,0.537512058658234,0.43173238043715034
6.513365434659364,217.42297053444852,22.19970023313305,1,0.3686415018643404,0.48146921722621966
18.765834304502583,292.9359892416095,43.86935211371015,0,0.4251984255270345,0.807074044805369
17.78368946257312,79.99690453968772,38.151420237125265,1,0.38068203726123945,0.6381881952835927
14.355141652732788,101.08208906495602,35.86838367544964,1,0.6815907209002685,0.6156664421305045
9.502549801354741,158.00371572554508,27.52330154681674,0,0.6369583178429203,0.4331339783144455
11.447407824211382,130.42354316971762,44.30561914914291,0,0.3398213816136964,0.510569033149644
3.7417244179661124,35.31194260082045,36.205582754997224,0,0.4719478766296401,0.24522040410817478
1.6952648311591112,279.2412149582289,35.10430229138132,0,0.7103077455803204,0.47056493780983333
12.404772353637682,110.45326139382061,20.28067516983266,1,0.4934697319217552,0.47856780179365155
9.689013907054942,124.11635403250503,41.19320914822615,0,0.7484669983021223,0.4956800521255357
4.239184931618856,22.17552134959535,36.8356528641014,0,0.7575819053362272,0.2731333653711564
4.205775328592251,171.66804034371486,22.274242148213986,1,0.3637799922377356,0.39529256070713675
13.354298675394961,230.12190286687257,20.00291940205837,0,0.32026072878406037,0.4958657189770406
10.403178620818156,218.7345038789662,35.34418366473601,0,0.3506889589965531,0.5279241276313553
2.940658842458308,177.96873928443034,44.419110602470866,1,0.6780149991576835,0.5437464325580442
8.139126628847158,58.01813998719052,29.67365671328951,1,0.32658034718659595,0.3911528309904124
19.44919598822466,247.3354819901735,25.894320989756544,0,0.7800373024037248,0.7010660679630167
11.9954244314041,23.41724622898645,22.257461839641582,1,0.5942062125514638,0.406302566071554
7.055683008283264,86.07288380996911,24.384011805095838,1,0.6491575978922957,0.40076716707473087
14.395655832924469,46.26257113665295,44.591856101895175,1,0.7993538894493133,0.6256730737691335
0.6602108399294315,49.19677257126346,37.80082894647336,1,0.44591803638528155,0.3121472395873968
6.218965819707134,266.1720788166005,34.28990511021096,1,0.6505054929990102,0.6257939606226421
4.164990004824842,136.24883470439346,31.28037746734069,0,0.4682616043504765,0.32364458502792
8.044560456299635,203.9117649546722,34.52541921909486,1,0.3412570773092789,0.5659697959854129
18.536415137156638,146.82542066612206,22.015846577235394,0,0.4508408480441101,0.5283918498341866
5.470553598743915,110.45708636564642,42.999606740404886,0,0.5528611358757414,0.39947552837366834
0.16586852738562197,40.680686368441,23.308132332933795,0,0.5209486631309124,0.11552704590838339
14.221126664805258,265.53435637835815,26.737416057020724,1,0.44839250303597455,0.6996678196581719
15.568758131095828,195.3246957342984,20.28955332569946,1,0.5816860800128133,0.6276838909839534
6.1896681600494645,283.95179118510254,39.61993155753372,1,0.5473628639140073,0.6647268597225712
14.889091868089166,44.11760098886485,20.755759121656354,0,0.3859774606617049,0.34780900947653387
8.8124388550345,26.141854337428377,37.49789744298202,0,0.4303863831635161,0.32838555727477586
9.297542022235447,154.4720383192867,20.818392132469985,0,0.7460919641080952,0.39669857291403643
17.949061268699275,21.85033129595245,33.56212367619078,1,0.43528931642377455,0.5608605771977119
10.291500033128361,228.44656596721106,44.55466439992665,0,0.45969151533515046,0.6018449544800324
3.8599626977528256,44.66481193424683,44.00276142633282,0,0.5617524975957332,0.3124059774624915
1.6594492907071046,67.22669794889697,33.00737429854083,1,0.7898004938210568,0.353291355709622
11.688506203257553,224.19430948357135,24.135454344403826,0,0.7372329859255949,0.527279192699561
17.183160396606773,130.86534515962592,24.045767802641844,1,0.3092536826305359,0.5867706271791492
17.012063035159798,57.45339049596942,35.12128001592234,1,0.4680855444733169,0.5927007281541316
5.161914925478827,200.10774525609588,20.79658424117236,0,0.3012236749631348,0.325343129395323
4.871991449446728,248.70111848556365,28.176694210787645,1,0.5591756000048329,0.5389386941160905
16.82390355690662,150.30185766846805,28.962723994134937,1,0.7294991492319016,0.6714464288023336
17.464041309153284,234.48460300746387,28.80961807259943,1,0.7403314358667483,0.7669961779399176
4.476866257438086,33.452909479858526,39.7308415655619,0,0.513186764182696,0.28150179479666604
2.1152911932360463,156.45515723837187,25.28235716700159,1,0.5199072826096802,0.3771576243829802
1.0755578481521244,40.196574601458835,20.62830117465201,0,0.5357050839713728,0.11635915238917034
18.20811018750439,65.52453111776794,38.36693644049441,0,0.7635044845638564,0.5707185264984469
5.5159227948071425,97.92714828615736,37.5522546093168,1,0.6690224237016358,0.4666715672213467
14.242429730374042,30.987253137253752,41.93828489226948,1,0.7689470137664622,0.5887541841490626
15.929772900736545,20.023321974793923,22.430247344804854,1,0.3364453234730312,0.44702036415381574
19.696409006510397,251.23507491265332,34.14626121296549,0,0.7049543358562267,0.7512952333900008
8.40024023517477,273.4013289889914,26.557434070108382,1,0.7133890006662034,0.6310890375918206
7.271588869119816,185.4158528390664,21.9835976672544,0,0.33293085382041704,0.35786332943423127
12.155401082750519,229.33172104289605,23.433668261185574,1,0.7021395861858989,0.6328672081767335
5.800435339926901,280.28560906895063,35.295413225148636,0,0.3723854496096579,0.510804251829529
7.403453321259157,124.66882081486236,39.080269494244035,0,0.6396273396922623,0.43267360487158807
8.996182481955318,90.09654809020657,22.259308671355477,1,0.3990284874426329,0.40098844229682074
3.3101319475394586,223.96049547897712,44.489261834440626,1,0.49530739747494684,0.5783541153150561
2.3186013844839137,40.67042694208175,29.091824808433085,0,0.6469987484716428,0.20049677486831302
16.773498455620054,178.43502986391283,32.60310413213762,1,0.7628844390760131,0.7238783215376907
7.438270934604663,211.89026936796486,26.925598395611274,1,0.313287100119027,0.5149423111091168
14.720932945516768,227.4311309613542,22.645011419374935,0,0.384837126544609,0.5394012386786081
14.099690934537604,191.65255256028493,33.96075090565651,1,0.6337100179728437,0.6855326511459164
16.04921860400723,130.9229380803935,30.312286821929767,0,0.41680481251920937,0.5153384658340195
5.537073922673814,278.69763797141957,23.08444208117024,0,0.6873092990343646,0.4628340140086692
8.1716909618139,299.5823306231248,26.110210976591148,1,0.758400692550571,0.6550882575694721
18.32606262677597,218.48348972636916,23.39342541644141,0,0.38514112416050056,0.5980642506096471
0.5090115800641248,190.08215036317887,24.75926759471093,1,0.5951518461980523,0.3870606432023719
1.7503666433067644,280.2364611055623,24.249029632260306,1,0.5269022634801047,0.4890522815050029
17.642461868154786,97.37609271041634,28.811552185388955,1,0.734944560154572,0.632482944530916
3.186076607440955,183.88218620511432,22.017775031596237,0,0.7545458375006466,0.32719976077497304
3.6221172964313797,93.62972279682617,42.063754685823525,1,0.5319411939685224,0.44259342299616866
0.09854843295306726,105.82966173416548,31.80358270143917,1,0.3274345592094316,0.3111192114404223
0.5695997019972432,75.76553962428632,39.20016225312534,1,0.33943772243730597,0.3348782801717207
16.159560446902468,208.72313095497398,37.904053335233286,1,0.6097428754908013,0.759914046336247
2.6342990634750785,92.24108785544367,29.541715942499316,1,0.6926078584329823,0.3648524029645517
7.145118780489215,284.5357753605232,26.92080431530811,0,0.42577138120589614,0.49367731803152265
1.6448776697200063,260.8234605153514,41.5403422738356,1,0.6457716860056304,0.5834280419790282
16.45479970163971,100.83044862273438,25.80450631983952,1,0.32717145630623307,0.5563336269510898
2.321767503265675,61.40152089147363,43.486762172295954,0,0.5797500753286566,0.3009280327652643
1.535214733630752,43.64652544632044,26.29546377773316,0,0.7308288306292706,0.18136844901418464
3.9170064097572443,243.38967188201323,24.012524467065575,0,0.5378397571897422,0.3897964065741326
0.9673006555856989,278.05362559160386,30.459807662313597,1,0.5700960966899757,0.5147498427072328
0.03508131429751593,26.18030241587032,27.85783843729346,1,0.44639672708717015,0.21858092874855461
1.1034743640795952,59.2516758472859,33.64633340454976,0,0.5508408175658381,0.21552455940256116
7.1309533576554145,226.42654089421936,30.623075961185123,0,0.35323047518335804,0.45027972793863563
0.0060948227841728375,199.34758502990798,35.44765084840773,1,0.5460256356692217,0.44674271308599955
14.248291020104954,131.43120126749972,30.371589959770944,0,0.5370580946387467,0.49671164334183676
11.7016826587208,163.83609362220275,35.64133833243259,1,0.3888304637421741,0.6013466165186296
8.925672363934504,60.29695058276584,32.72835779835461,0,0.4398238765794594,0.3368487513996932
2.4392745295684937,28.245501705732934,25.525001607569177,0,0.6701933807707978,0.1711021536956764
9.833846322717223,246.14812627172134,39.257495129477206,1,0.3048705056070844,0.6642724582568443
4.539952006473003,298.69953757883195,20.015519819276356,1,0.7767007553111739,0.555911892138885
12.232015413967051,138.00054208143035,20.059385110321564,0,0.47113856983963776,0.39953097947174687
13.738702867455533,296.75573278033596,34.44576300547136,1,0.701963088245205,0.7940539198181564
19.607410072357116,162.0070368958497,30.250825752524364,0,0.6624047401076155,0.6328821416880068
8.631873332612617,97.45066723288099,21.369619739843554,0,0.5887241843253581,0.3155985874251989
19.724940659244158,24.953468878982168,43.00865535540005,0,0.6758038500011352,0.5757722475482687
0.14911500329922278,224.57321039634806,39.12006201058719,0,0.7974259604421016,0.4216456910618177
15.719817437682295,83.31178502428139,36.53998521947014,0,0.7111841946889152,0.5287669209694339
16.5983323996834,255.05179117352836,23.484971936453256,1,0.43916882275723906,0.7103493220624312
12.26683797258385,38.56697736214014,32.21591603112798,0,0.6776166582665049,0.3942938038957759
11.694776022163577,52.475030727790276,29.376589213839907,1,0.38709159708826296,0.45210230610751867
18.14861810126419,231.68224741559249,26.926876102096188,1,0.726202078124966,0.7634645286127895
15.766600645123066,205.48459650291704,35.54699602351967,1,0.5977763529630817,0.7344597192299969
1.9378494903163967,181.22426376858104,40.84721473429878,0,0.4173985821551487,0.38195977647042545
6.061925414806206,239.41125889899678,25.663087222897687,0,0.7327862782895782,0.45275210482444933
1.2323225730696663,286.6659890863713,20.91496144461162,1,0.6195951174402968,0.47568091452678984
6.638639458108095,126.2348975030548,27.710907111212272,0,0.48496493207383884,0.3371730238946039
19.023430498272024,289.36937676827466,23.06132661447726,1,0.5919272150472095,0.7998400916796197
13.749924576296808,266.8160322414396,32.68667426480083,1,0.681158457247588,0.7516756036401974
3.215077912450628,169.08294327243883,36.56909484577098,0,0.5665669100801369,0.38141806682296436
12.454698447813392,276.73406703981846,24.722280491144296,1,0.5828126400750506,0.6813062368309236
10.025314525308604,95.27641000170337,31.018199340174014,1,0.39624653566585727,0.47645326380223374
7.25924190491604,76.46415468630859,25.89766207210468,1,0.32695799882488236,0.37158266033745563
17.853732199467103,44.481311841765965,35.27458051059915,0,0.43828861885337533,0.49239797028137267
9.242302533562723,89.25211207608925,28.73235727842568,0,0.37121719378650986,0.34050826946264195
12.588563835498539,147.331195417999,30.132456330079215,0,0.5196425953588384,0.48039006005558255
11.813394254636957,62.27598548934597,31.499649500880636,0,0.7090435206634744,0.40891263401712397
10.336959794263498,27.361678355362056,34.21895955544816,0,0.300024863458669,0.3235747184335291
1.3519620189952786,168.66255388865318,40.87011272560024,0,0.664338329148124,0.3839763984894844
3.1953487039131767,55.23147516294624,21.62970827314203,0,0.7085336928963231,0.1917816964099113
16.07158079288564,79.51275412085066,42.50695602550191,0,0.7627138662364706,0.5720785407730079
18.33920310437843,52.2346113826564,39.50843181898853,1,0.702439828797313,0.6604652395029413
6.728443939675898,83.94953766647328,37.405180476853076,1,0.6835693620020918,0.4744853256721292
13.65068781817068,106.50616897001765,35.99143405816593,0,0.7025193556300915,0.5115937457000093
16.802492005290375,202.26392325018662,44.42573774680811,1,0.5355410470629338,0.7964160645299103
17.96140584358229,88.43649685444788,34.370644938860735,0,0.5128960192832823,0.5402745706786306
17.683785201040713,106.1220013856819,35.3508010657745,1,0.48649727291125855,0.6563427760896672
0.8052309532257729,71.39019234240284,20.62309604569039,0,0.5261927440223274,0.14183958470022895
11.691589893043844,101.52171410895077,22.82258942059022,0,0.7122042619839993,0.39428049995915926
6.702379523867439,167.71150223171284,23.448734366869534,1,0.4000370262119227,0.4456992527218025
4.750215972792766,279.0955701290147,26.37641820799648,1,0.35073779172883046,0.53555663807375
8.02376662828915,183.538930661523,39.83774614099537,1,0.6663403061578603,0.6096153541183413
9.985956583131586,299.85199290185807,24.616891340098153,0,0.5876733589650499,0.5610749170437547
5.460432874110166,283.2640100194019,23.578986937584215,0,0.402694433353545,0.44056495027718956
0.7051431282891607,234.75803385555034,44.539767446536416,0,0.3409869711359484,0.428435340393424
3.0965940546858395,188.95214661196448,28.121252194816016,1,0.6453399204523076,0.45640404778309346
10.132405503538815,47.29179928600781,44.341285318172694,0,0.35306252316584835,0.40596285982355806
16.555421076147184,103.82582042449438,25.481750559911326,1,0.5748818946111978,0.5839243820776578
9.774994223216702,105.93639695525347,42.98039933694224,0,0.7392132584159886,0.48880251772479805
13.832686866396742,47.3650109735039,42.60353482093004,1,0.6409176392751814,0.5891500039885452
16.922764341057285,53.62630533450499,27.051817810383778,0,0.6039008381309744,0.4524756719784076
8.486584642014193,170.38382964329168,35.82212152951218,0,0.47644233472332104,0.4614760235279452
10.858318041770685,263.14940523271025,43.56771386282526,1,0.7663723010950463,0.7712134842501533
1.5200093913410284,138.56766050368367,31.526821367874618,0,0.30999857335235803,0.2653286103946352
9.457651307427943,236.4516875673381,20.170113241269238,1,0.3465460419319805,0.5376358690881405
13.971156922149145,198.4356555735687,35.122000666902025,0,0.4445783054438762,0.5781207362569785
13.963930610573012,176.61263252669514,37.49663245679477,0,0.41145792763427735,0.5671070057159192
5.561409055479503,251.9401261999965,40.686732693406626,0,0.7548774473163997,0.5488729255629675
18.938243407055502,200.25689201733974,39.982071226813645,0,0.5751433261924399,0.7090829116209368
2.6476627381912765,87.20874149391769,26.91429899482094,1,0.3668909877651585,0.3117177321577065
16.602547076778215,110.35052798024604,42.32372584836875,1,0.6243350541471637,0.6972709623287936
1.3736950577279083,48.32067483061705,38.257409699022105,0,0.3412756342377894,0.21603235995876702
5.577267546894021,206.78499980634962,24.00800162451735,0,0.5604746407784662,0.3844826557019457
6.261626694701777,196.28133995451762,38.41018000569219,0,0.39419364027716164,0.45574025117366795
1.9238763640114165,153.16101498354428,29.71641789426864,0,0.6811234532857,0.3132397040479259
8.451348691895966,78.62131295697066,42.12469860947009,0,0.6098510944827376,0.42025321617024436
1.2560166253599192,295.9993889113868,39.99509818290707,1,0.7945608410009399,0.6174063530527217
13.269506695829055,167.9801357530645,21.557210191531176,0,0.3446608278110886,0.4440058468603688
4.706847170718566,165.17035767108473,43.398636070759224,0,0.505769984935694,0.4385089980767844
1.9503692874047829,43.06736048346098,35.708163120678364,0,0.37831557581722675,0.20927935931883757
12.138399731558842,81.51184842942216,44.06014658088824,0,0.4091285750041407,0.4792075807174454
7.082257005356181,252.31471534214793,29.342932139647395,0,0.7638296571271758,0.5086947714864831
0.5860051263848765,137.52540161877366,33.161741428396695,0,0.7507164226869694,0.30182258216958613
11.813287895336998,201.5897576304135,35.12408457801598,0,0.6403976091723358,0.5631065641841404
13.592069997935706,278.9245217670603,23.4752595120938,1,0.7620472646837998,0.7138420302718779
9.979032617256907,219.7437803284497,28.015534764221236,0,0.7568069758642799,0.518150757302201
2.9407072068746776,22.875860042929688,25.7668662985807,0,0.748524864163892,0.18379192037110995
7.694661197966337,283.9240907680033,32.983031969901354,0,0.5265838993442845,0.5491372434862507
8.424695887019793,196.22405199528498,42.10465103192885,0,0.6543311982091704,0.5417172560306215
14.870398109317712,135.5167964200654,25.214629890434814,0,0.5781184221783746,0.4848483848935717
2.486357561231345,286.4012156757433,26.341191274593292,0,0.3250602805641927,0.4004656487012708
9.404038605638434,212.89801165244924,25.167853032951122,0,0.5827686572413879,0.46675267117296737
19.978298669152338,75.36106765318951,27.018417514354976,0,0.34807038147276254,0.5018988375967615
18.179166485910997,289.96145409015776,28.535797910878326,1,0.5345758681603754,0.8127692418749076
2.4183610800483835,225.85291466361738,31.30614174611821,0,0.5953716067635983,0.39554824471753325
9.289278421408087,208.2426590360696,38.88263709777132,1,0.6206903723654114,0.6461698912338801
5.79430791359087,284.172574174132,41.97159631539639,1,0.7053685474179143,0.6879393952961419
1.9529259763571005,146.8739629228437,29.10830240879465,0,0.443236338811225,0.28002361584298335
14.677893147654581,78.17053197849755,28.770724238490924,1,0.6563304910302037,0.5532910565964186
19.29335294299949,241.89455362693786,36.38016918383558,0,0.520082359088073,0.7298174811412497
5.036704969371943,146.08183942546788,21.170921995593936,1,0.4875971831535767,0.39000942667839816
4.126077866678446,253.47884551163583,41.69015513920317,1,0.5103671566444283,0.6068628546781704
1.2362256410445305,163.78435778624555,31.87754244029052,1,0.35445407048893357,0.39212896819516124
5.169260871384671,45.46067032986197,41.159153761720546,0,0.580048572849268,0.3208825154343438
4.647559945064897,47.39115435274486,31.186578906993546,0,0.580463274324792,0.253889254265821
8.115771058275687,253.42876003138642,21.251500173514383,0,0.39738735585125284,0.4427024901774226
19.042028940386963,170.12662912963782,43.739101706299124,0,0.59145183174957,0.7049419289991614
7.780974134574472,165.87578028043458,37.86262304756298,1,0.5160280447542207,0.5608213703962878
16.239300691823807,40.25082182199924,39.176907578783975,1,0.6178667065747094,0.6012867000590906
9.017789288578191,75.95345806074592,35.232299199076756,0,0.7964012315772259,0.4047986889630474
4.111509912873704,217.2520884677892,29.495912797593938,0,0.3212942958591797,0.3783084183145606
5.384852316579569,226.02880710947522,29.966373056010134,1,0.6350276400365713,0.5435647249893356
12.262982676589079,223.34785125124824,44.24288027931125,0,0.7600007999285057,0.6594074097602751
4.480109912918346,122.656703286987,44.87041269742073,1,0.48368350629480034,0.4986494535770624
11.131772843035542,294.25124832530713,39.86342579134358,1,0.5755549867294767,0.7657933264994381
13.130745048035397,264.5965232758225,21.51593753682985,0,0.4749714672464751,0.5509773335620686
5.744914141515487,149.99789584377663,22.2613843122411,0,0.4906123034965583,0.31316342954340004
8.341584148741337,32.28493729713915,30.412902677504835,1,0.7626969891300077,0.41700977487814234
12.131900390800626,101.93202567688068,25.494096128769748,1,0.4505197261160331,0.4922568319001134
11.929302834833091,147.68135102532716,44.70479688105932,1,0.6568853367729408,0.6703614655985562
12.88416259774274,121.5572695311405,23.68649651049761,0,0.33013028506947545,0.40216212256157163
9.522602967008053,245.79703247181226,37.84313818329644,0,0.32320760934515835,0.5518221744287477
3.0094476811850956,58.12088236273206,40.123369430592376,0,0.7028045861764454,0.30180689198467003
4.379722613858197,103.5820864920638,44.41336899905431,1,0.7030405321012605,0.49701149943903417
16.638750450666826,265.9115087128828,44.52465580776176,1,0.793692377116467,0.8836068141577695
17.994665076849408,63.495130736330616,32.35834885805466,0,0.341101483687038,0.486662011098227
1.8326962982857142,297.711560855946,29.17785553807138,1,0.5722084774456729,0.5420717270489416
9.564821532563174,247.00555384747528,40.34977781786392,1,0.5766354346225635,0.6941521410367706
10.257333093352486,86.64084224428669,26.130606942575483,0,0.7830171397311045,0.3812295270065185
2.3224463134183204,88.27211868590786,22.44879204536824,0,0.6996219675470317,0.21356987819764106
0.5383348950219369,70.4217940497674,38.9714856482008,1,0.3252002440084182,0.3261915930026979
3.8222327907834974,128.2563478485228,38.36368577124652,1,0.38911116554687714,0.4442386528694009
17.380539962814197,280.303522618842,43.71707176876374,0,0.6134119585685565,0.7881065984375285
1.7121728328744235,211.3414325623421,33.935109780426714,1,0.3410755120048267,0.4590226670206875
18.958047462267217,239.41877379468121,32.36145863473136,1,0.6803667983871842,0.8133900360314641
5.064671575378652,59.19091527555645,30.203421518941976,0,0.7504334729695146,0.2840865442552861
19.72713021019976,88.53902579431389,34.63172748407075,0,0.7185316198063332,0.5934073313578675
10.584562433893932,173.43821118243235,29.114180812807042,1,0.6227927935746942,0.5756324180098878
0.12327673801376449,74.54861650092084,31.4934786257909,1,0.3131198012317769,0.2769788112940848
17.295022405675795,297.7605945897969,43.710811754201295,1,0.4034131360416087,0.8830296708184919
0.968664630491971,153.15741900803948,29.50051450605584,0,0.5803725113866516,0.2851493882166492
10.228763825431846,265.3423685727526,39.31035153099956,1,0.6089541976205051,0.7211032644658577
7.391863169175248,177.54186762919966,42.042308843417445,1,0.4761217697572137,0.5867655031259925
9.077436833596398,102.68346492328087,22.14595018719792,1,0.5328816980724848,0.4277024804416538
15.311204430975389,252.1930737291242,30.558395235304566,0,0.632875164115351,0.646777039094556
6.283165984637646,182.63281342731614,37.30715931420288,1,0.44377348474109063,0.5408085225178012
9.804376546410339,198.63437882089036,26.878719890980335,1,0.6388941679215324,0.5753727045211064
4.469471908052684,288.04860336974184,29.256998587470736,1,0.3533494341528782,0.5571412967007761
4.05696547652969,66.4539546108858,33.40720481716524,1,0.5285289367107404,0.3707469730242208
4.397024937161921,249.81359832371834,38.68331107239255,1,0.6265052377505342,0.6015119249334606
8.70107301116188,257.49558105992344,34.69900194008355,1,0.5114228573006718,0.6491006561258248
4.802679504602672,161.5679702793787,31.62834229203819,1,0.3748667410706618,0.4528715894692208
13.203394935572605,292.08841458536415,38.4689651219173,1,0.3734084347817937,0.7713024601675679
2.3592182811125006,254.10884640375014,44.941712297267344,0,0.47372065111087847,0.4924175052179107
7.981341802783463,203.81050441294136,42.813987605333395,1,0.5218587060543909,0.6325537821990914
12.425041169303228,199.24819629745116,24.336307932967863,0,0.32731385450079753,0.47543564980814457
19.113259402346863,283.20023196669064,37.513215730053304,0,0.4735218708850249,0.7701137529765831
18.385562808226638,162.28181779033656,39.434967176820265,0,0.6088439171784245,0.6615233617130667
2.4142851033704615,284.14822177878597,35.735282636015405,0,0.3093270896025583,0.4517426158641173
16.545875180555022,298.1872725386826,26.76695709685289,0,0.42715739737547664,0.6710575705170605
8.854697428924078,106.69856750801485,43.57947086613339,1,0.6151609578240819,0.5646486934933947
10.65863805148192,204.99545749912264,29.928198379344188,1,0.5403385367841356,0.6051246673545349
13.473361583208991,249.12281190642187,37.63409831541715,0,0.4622716872839972,0.6369383982334818
5.513449295335979,229.47394790640436,26.187286863300184,0,0.5051966742959149,0.4136026991841766
3.2333461854493106,145.69754517692536,35.91044616502258,0,0.7371208630270517,0.37145586671512887
13.095233801122836,282.195664850548,33.89122251591081,1,0.76766329734909,0.7714759212005715
11.845481054137824,274.3680252958344,22.900784125400456,0,0.4706114439921653,0.5461297928948655
7.706802315208781,124.96217237431674,31.204485327539388,1,0.4951486731195197,0.4765729921676587
3.0798121246082966,225.61886518361345,25.342288874369732,1,0.7570509178069195,0.48727440239116904
2.6268729557483406,83.01586526034322,21.56582743764584,0,0.5859817313536599,0.19697927974718024
1.707333214112734,228.9762560802229,24.064120168683132,1,0.6851070690742779,0.4517500152467223
4.193165401004659,105.30526985449254,44.52935674082207,1,0.697073264256616,0.495569131242668
1.4915412222213797,23.802521283329312,29.666575732911745,0,0.44104104235829206,0.15200805130550316
0.7410191444133574,276.5914183930125,26.140819749877956,0,0.7358861786964335,0.3999927897891573
12.924604035785404,299.6632117739334,37.43080037383087,1,0.6580230973793741,0.7962308943811006
13.227381988092844,190.83991358269324,42.98170108985009,1,0.6938800427428302,0.7295973091877016
0.031294769757657104,287.1529243754772,43.08301579191745,1,0.35992998955603356,0.5621916765533442
9.225762176423524,72.99929041728811,44.92230559184172,1,0.6214300656864608,0.5461269686243961
19.953419474390362,141.97004476104138,22.82387385847837,0,0.3865948679251103,0.546757615506254
16.69760788614624,193.95285317143455,29.073145918102885,0,0.45777648924760983,0.5863775156123721
18.177132599055092,208.9034789719226,43.68405887744847,1,0.7855519134641659,0.847662844066494
5.379464124110978,278.40382532930454,23.055702176690204,1,0.7673641546923853,0.5676150760306264
12.16605054809011,268.3147744051941,21.555810913841672,1,0.5133853348155386,0.6418940579613749
2.6316823820732727,244.67292474319987,23.845986637287226,1,0.537906682963295,0.467593954549535
16.79218396943773,235.77731173452605,35.65250284063568,0,0.6341062606014018,0.6869661743036406
3.855213695481803,237.7987180854069,24.71094385202793,0,0.7260844862369473,0.4061390694922008
9.9530022656684,76.00190991491448,23.524636921754094,1,0.32012230802375974,0.403339501897012
18.30475718104523,249.97228190131054,22.5091158572682,1,0.5140858021389361,0.7367688079271049
11.40558616753253,275.3202506642271,42.496331929996856,0,0.5537451811235712,0.6652705182883847
16.658243953758635,242.7832117132768,40.13894905794341,0,0.49349528121289876,0.7044857033730032
9.627398721349385,21.323491056816927,22.05382393695124,1,0.37590632999516477,0.33971654530165507
11.226510096500192,80.8373713315714,23.927192576050903,1,0.490866136561549,0.44995106713278515
0.45759153698794686,22.59508055389237,26.341389250945888,1,0.5024724348034555,0.2188985114372023
13.187809099158258,90.80182638976322,42.71911994547587,0,0.4305900171025565,0.5009622070081436
3.756790308721518,143.03959921886326,35.76063523434083,0,0.4313858560848905,0.34648582663602384
0.36833099499759214,74.98415578903288,38.92371733182467,1,0.42314585692186163,0.3372868378846249
19.702011999332495,276.67631304954756,31.321379361659456,1,0.4218351604746891,0.8315733152552919
3.960985117863569,160.94178893687132,43.10724500262733,0,0.40856168829167716,0.40975866734441546
0.49166345273939704,240.79199211530914,34.512069320909525,0,0.32622704666993774,0.36909122313069953
3.298422270862851,55.43552879176328,23.632877969619432,1,0.745749742525399,0.3095301606021197
7.952300273875313,256.9849482993866,40.87865632770897,1,0.3470559272396673,0.656127733782425
10.765646854059131,255.33684053228964,36.50262618539344,1,0.3250624361561193,0.6752576612062969
15.274895647763845,276.55333468248097,29.92676100934949,1,0.7752113919101042,0.7809457137654555
16.12931538203858,111.15090316685782,23.44587418931701,1,0.3999157644609046,0.5540807439345254
12.769468962973695,293.25670771120116,21.09191503505369,0,0.6378657380972188,0.5870604785832848
10.720954713951167,38.11336851052533,35.62384278954772,1,0.5650225937927096,0.475975392121228
17.27269483305245,30.26741028190836,24.790836496153062,1,0.49312160712976943,0.5105967495502216
17.57522740496029,134.45714201755607,36.90078103408089,0,0.401614326400595,0.5835897404489061
0.8074464647032986,271.1477694723284,43.485119378379736,0,0.37804568772857655,0.46399336764777216
13.193961701628341,179.94385754934683,25.27299223618975,1,0.6874955579081827,0.6112256965357995
4.70058480595843,107.50701064374691,35.81559071410361,0,0.7070121132331577,0.3553620003559568
0.2114801510038844,273.47512690678633,37.173255349352964,1,0.7531849198022031,0.5555340536256924
7.333828729168477,53.232581098476636,32.0522016961949,0,0.6203658259899418,0.31592437663508854
0.39927760863649464,241.17834391875846,24.04838554089349,1,0.5437159740864452,0.42682761272390257
13.454740607520003,104.27664008217475,34.0181390023359,0,0.6846569370922568,0.49230912843701585
6.540898681298994,199.9435055542883,36.18778871421034,1,0.3008338605219568,0.5416193508144784
15.256477120911299,105.53683678872177,30.08464362464302,1,0.6325860432700606,0.5962916524795336
7.6642431639227055,50.04533955830841,39.49454223059658,1,0.7828095864282948,0.47941780695336467
15.141820640729435,130.4381324597427,27.423756842581977,1,0.3581065281480418,0.5757731875428039
5.897044828774744,103.55029064483342,39.39500785707908,1,0.732606719280125,0.49637929421887844
5.049756023425191,140.8328803089738,30.79829298207544,1,0.3071769046804219,0.4247110590794094
13.081710621450656,253.58887333100364,42.189373689708844,0,0.46466537461066443,0.6621215888057096
14.256751669405112,115.97776179954262,29.823066750454576,1,0.4611860199334668,0.5705279185102062
12.652499811221634,225.01239291794988,40.13869750879152,0,0.49949529168329376,0.617212853835407
3.071364805204062,77.56780609589273,41.07945978651574,1,0.630206471711658,0.42081409607722403
19.173257472592006,174.51492671407715,21.63514509362821,0,0.5037338253923582,0.5702311855854423
18.03804857978659,110.63994093132959,42.9896085087246,1,0.763271122624538,0.7405705543923963
3.775403880267627,62.394484657502076,42.214534854514554,1,0.7339025125020731,0.43514151293948017
18.850444684994173,144.9461979235663,44.840716752766724,0,0.5864693900653903,0.6825202194341037
6.5860794527617195,224.45126954918575,26.64279314620344,0,0.7007522788881755,0.449639646738554
18.264063741162687,101.25024778656953,27.97271237053007,1,0.38160200707128106,0.6068678381872251
13.304713075243155,222.40128240431864,41.984484917802725,0,0.4482040328792035,0.6319610740158105
10.333080446138819,114.57647737864474,31.5272131817771,0,0.39271966227034666,0.40384063050377134
5.463285734124986,146.63982317212105,21.33964774117205,1,0.3983184212968971,0.3901170520960303
1.4675568721356136,76.98778014631569,43.30558995407131,1,0.4353985236590661,0.3860434174990234
6.923592953876896,130.67523214649515,32.998457599209736,0,0.7086006529854609,0.4006889197331453
0.9787601663214285,38.62592105493465,21.634121418390666,1,0.3188676402919443,0.19744571650509807
2.1734430652198977,74.79308291632388,28.451007144688358,1,0.7511545019414505,0.33864982961994733
12.418646550507713,162.61341006511861,27.265409372107793,1,0.48086071008224407,0.5716182519398747
5.032321889249555,129.4632012853378,20.732506579397583,1,0.4626695442523467,0.36819082824882515
8.627104158335726,168.46413830866223,43.21759731069777,0,0.6135395458543663,0.5200979995291606
13.716728122748194,96.80655656269055,30.978147664252006,1,0.608176501072178,0.5635358348035138
8.690037659291347,26.281451987732428,26.99144733401426,0,0.47192560644280007,0.26749835567369656
4.63018256436543,20.259287497147,28.22759355914161,1,0.3999953751125494,0.29065258123964666
9.510400935049802,66.01692770867399,25.476759349018234,0,0.4848031653548696,0.31378981670164185
11.681291941687615,287.696907345689,25.54944023749507,1,0.46045613213944275,0.671461770964137
7.854571285328753,257.35803071281407,25.139447690172467,0,0.4649658684110924,0.47214630118821127
3.0182205113689675,165.5084204359667,21.708434896248786,0,0.465797777949514,0.2751576665573678
1.181685338601799,177.21180173645328,38.675741890468274,0,0.5156117750093446,0.3615069240057288
0.8520513913003502,282.2819766479029,23.975657742597225,0,0.41704730308755733,0.36275155275999815
11.398631000226647,82.98319248723433,22.65648256974868,0,0.6257151089219402,0.36096964130188675
5.869848652161576,262.7383160919643,22.828551901550014,0,0.6374329851217134,0.44617527742626334
19.238394370920968,297.9186896151158,23.746126275891857,0,0.5551346276071094,0.7125808115222948
10.838122899369331,159.62259839054698,34.06994388815213,1,0.3780428775061815,0.5715137002090412
4.572691733704286,107.3502203715161,39.88817247194362,1,0.5057753663075264,0.4572788971737554
1.8315267190163698,191.0160588679175,33.38669722964979,0,0.3038462583572452,0.3337725856643272
0.06769982163769672,139.0895667230509,26.919721221784318,1,0.7437606079322199,0.3561687017256385
3.898369756272053,277.1579432568539,29.596916144444414,0,0.4447503703338968,0.44743594789167096
17.130770205053427,216.79321649119416,20.55767103725898,1,0.35840241097559516,0.6557679624007425
11.250675464564628,253.1781613207248,24.779814070371906,1,0.618941747499859,0.6406380411228231
1.589348026072166,173.96482014666216,38.386344373428855,1,0.5271252670787554,0.46480900355137367
16.463388423223854,20.26520874228408,43.963926291666965,0,0.7266973710618784,0.5248278010048911
19.860773242054318,194.95846564724525,22.535466650496357,0,0.4343481836580168,0.6011696156519756
8.966083987826728,257.55466767082623,30.363719618649263,1,0.7141214633127666,0.6480556015009663
16.45584353263491,254.2520005784136,42.02528090913202,0,0.6116075448405474,0.7355417023383714
19.504479049324186,162.77430481619763,39.76277891859544,0,0.6989317788252116,0.6925725395734647
10.601033687747998,231.81870158657588,21.696652817560185,0,0.6513207683143621,0.4926487848589632
2.7886532544758813,162.24256644638785,32.8294682638614,1,0.635649385367993,0.4515857465196835
11.606838575499605,286.22988924204594,23.48121365357438,0,0.5591590227615617,0.5661527485108915
15.401588709601242,89.3103788320156,44.656411967530644,0,0.7471317126061645,0.5814898243158376
19.993279745132217,264.2263773231599,26.389237074300627,0,0.5828953721497072,0.7107337325237483
9.157132030512274,232.11727994997955,27.10280542643709,0,0.5817362975713023,0.49315755279969714
7.858861939568005,259.689943813045,30.707814543190338,1,0.4737389207560205,0.6088408070902291
10.930653563290694,50.47774778175915,41.687760199308926,0,0.5772730892731932,0.4296180552625191
2.137617340659328,222.70633005836666,35.60841619201986,0,0.5334189447666609,0.4071070251486901
6.043442591977395,256.45333931910443,22.09154008075511,1,0.7338819644499076,0.5481510216082301
10.314876677591025,214.25067941829684,32.748833438727914,0,0.45667115467401737,0.516921137375909
7.165773965960225,233.84152498685728,31.939524017467612,1,0.7131648821699574,0.6021962017129626
15.902853666660752,195.38170601053125,37.16613705417246,0,0.5323672583002186,0.629915193332151
18.235726285347006,23.907314492211185,31.44891306235324,1,0.7588836813722835,0.5876143709971315
8.959196539031492,280.9605514925746,22.48705387165925,0,0.42194022573829243,0.49486283672941045
12.424046796320773,41.65255067507063,39.13929251239112,1,0.7277094921741587,0.5466800739024468
4.118497630321915,46.21805936862077,29.823385718122008,0,0.3834984362288281,0.21558192583086913
19.40400942896115,217.9427377800406,27.16218582606407,0,0.4430342868476898,0.6447894464280142
0.5405002377595292,146.9882557645755,34.599182897510445,1,0.48828505728905774,0.39287061303933574
14.337138755460233,292.1492367522419,22.795641197178668,1,0.3530893380008713,0.6951319459559551
16.875579225240443,117.29484372024996,38.52188924024573,1,0.6203107785356646,0.6857798934569984
6.215428542017827,43.19636727562872,20.859237282940214,0,0.5883409553304584,0.21595588599162777
4.115177061741361,46.199233985393505,21.190463775835397,1,0.572449741027116,0.28260258932359134
3.138312531320082,233.76655781297848,30.391827673255847,1,0.6581218932792491,0.5168501824785399
1.6216110367844871,271.6596703658745,32.24474366404882,1,0.43849048048587885,0.5173553735424838
14.552312520984591,175.51008242688167,29.3884252261534,1,0.575079171851286,0.644014020086161
0.027333504600286496,164.2356421086279,42.89438425912337,1,0.7487326536215704,0.4769535493560301
15.001810980033563,167.7613701774227,35.71352363061648,0,0.7425440680214731,0.5988286109138562
7.805053063744838,67.49186219232362,32.56450800947488,1,0.7704800371731259,0.4565153425820201
6.197732626274068,49.781078661752254,33.82142973520724,0,0.4291540342539393,0.2840853814581858
14.536083681929304,36.12075852719355,36.49671092064227,0,0.6683029810679748,0.45631278659160746
4.03780752950003,162.906592301619,27.641782504338,0,0.7243648769305666,0.3518554067869542
18.88698107919998,61.93033878658564,38.90495928828216,0,0.4342120334743144,0.5493034667497096
10.700345809533243,95.1099630558881,24.79795579383149,1,0.6761926917501687,0.4787730186607257
19.656093212618988,279.8786153281855,37.693734091270585,1,0.3185633084459851,0.8618789819412397
10.16367696996313,249.29902345787596,31.206396826169193,0,0.6596195472722763,0.5603637061164736
19.65469892467214,203.7067649971339,22.544770725094917,1,0.6595108485552965,0.7288837053849955
1.038106546611075,248.15325139456485,32.78945752169688,1,0.30281093090373973,0.4733379541808139
16.572186481333254,195.17682497990057,24.62236816620227,1,0.3927375832374924,0.6521980557241953
19.432732544446093,185.87149404800525,25.018790348651514,0,0.4252420504439842,0.5985812607121194
17.91902012434846,211.39992890801648,30.131339832686216,1,0.4788511138737616,0.7336559314676079
14.315048746429692,297.26678785234856,38.3847456151333,0,0.5357334316203098,0.7116619577676989
11.78125112682052,230.93775895463114,21.3718772973783,0,0.5542981617964093,0.500770733637901
14.336310162256677,252.05543274637094,22.540523585805733,1,0.35558338752152274,0.6537423408528494
9.483950145943476,115.22612781863518,21.756453904344816,0,0.6685369078945402,0.3585876695881689
18.987212521126445,139.30801968004425,29.751259686991286,0,0.674317605386187,0.5975235574603234
0.6107175208190263,285.8687721009352,44.25959093550637,0,0.30522007656068223,0.47263588198437456
16.10353888727731,196.0059904919332,30.397000388542466,1,0.6459205899882197,0.7047919823493628
1.611341267112425,203.74935953945706,35.598208631808745,1,0.6010854875775451,0.48564563226253155
1.6052495331500793,32.9999414069015,34.91219286882665,1,0.6566452600941257,0.3162294914594004
12.753874420012384,116.34285690875879,28.31438483552632,0,0.5446646956628601,0.4438884378384194
6.192988289712186,188.06005884887006,28.638344823235112,0,0.4104060279652842,0.3893080256547724
4.26776283566094,74.11719199513823,42.16381187547426,0,0.5231262169747144,0.33409853456952165
11.377270626962716,31.72051680136552,38.44239257362805,1,0.7352098400559515,0.5149980922205765
9.320069762458036,179.05591460741786,33.28654018446734,0,0.7302860822696806,0.4949049847842056
4.278226893247696,95.60432755558672,25.380872360871294,0,0.4566493662944668,0.24842346898209586
0.3028290906626441,138.16690843199163,40.27161220067316,1,0.7834659099319632,0.44344268171582313
15.4214802495002,72.65095215021194,30.330232150761105,1,0.3468311424633899,0.5391913636673711
15.423087713909801,255.39882118319042,33.329980615225715,1,0.39872406366240154,0.7451551462342064
5.598518644005983,149.3813496360523,36.909056938170764,1,0.5920709121105439,0.5080168587462359
15.807051699122269,152.5935441038843,34.51337345687356,1,0.7091866396923976,0.687215853549005
11.021764158910724,211.5433844858687,44.38688741597674,0,0.7658190780197063,0.6273274895646374
10.606324966463458,171.6153400259765,29.996510812098066,0,0.48526242439656386,0.46573133425133184
13.233269976320907,245.28158298806989,38.0322203416024,1,0.6156920334417113,0.7466263329674713
8.613346882289099,271.8586635458262,37.550543067080824,0,0.4140449528459866,0.569299987672969
8.401759926047998,80.18959649994463,21.819281581083914,1,0.3217066321585639,0.37030674790814444
12.97040780066103,158.96737786580837,39.81209497666154,0,0.6797735956286246,0.572799443800208
13.327204496023704,65.71950940814003,42.58127681438697,1,0.3644923360002755,0.5708824825749041
15.52558360401435,237.8992840252223,24.21845444896502,0,0.3920097958859221,0.5741087033778558
15.483740850029491,196.23740580871348,37.31369867495346,0,0.3456934579283446,0.6056544085267846
8.23084154771712,115.670353542972,37.21000568505029,1,0.32190248201056476,0.49516036293937987
8.346400271901617,256.38448848386497,28.37806291936445,0,0.6847751741363867,0.5211923881719687
9.817006481985073,269.8033240733217,20.3699629181491,0,0.7741410065497412,0.5212348156719291
19.405971118289315,221.97368195111483,29.246976589535866,1,0.49679341668437216,0.7667393777268302
7.086379008835744,77.7766556732098,43.89093134576377,0,0.7314539493809793,0.4182792713405158
13.782798282606489,166.9965410979371,43.701223275972765,0,0.5963310750813544,0.6100359582075227
11.579054097821341,163.5325745046024,39.39645814069971,0,0.4467653682390397,0.527221306884578
6.366787309715578,196.60468082657744,28.576562536881298,0,0.4891667416504427,0.40839950813293213
4.2241604406281645,165.72275747795308,29.268146556714356,0,0.6752478804197899,0.3627792325712111
4.5852110695806285,191.86350565985495,42.68602005184956,1,0.3578084627045458,0.5440016659590678
2.2833340169923777,104.57889895412622,22.743168048810514,0,0.39655325283193416,0.20065157782754933
14.636947888580812,75.29881242635139,41.27295628293116,0,0.5163394956775185,0.5107170877418543
4.536930106799957,105.51764878614561,24.499351492590243,1,0.5664063556420325,0.36855067017488957
12.576166580720914,243.2609883372519,34.63342283617107,0,0.5593987905604236,0.6070843195729366
12.855707903392698,169.34032795775127,34.934591666158,0,0.7655887589507187,0.5604816421591433
19.18994668639757,157.73132278937345,37.72635831213101,0,0.457112496963311,0.645624789370448
18.94372302004206,123.1501665099189,29.858306899052458,1,0.657310165962735,0.6795461773512431
18.32872712363238,213.0755841273307,29.99189071314067,1,0.5104889639458301,0.7448285494643242
9.184168012722955,101.92371481901743,37.623779342146165,1,0.4508159990514901,0.5134709309996951
15.557226316041323,75.95491699174892,41.83224235627642,0,0.4015647375204403,0.5193563054121746
7.647108388524247,148.44843399821121,35.651520971068905,0,0.47956328993979513,0.42413828561777844
18.858627215844642,151.17501736355314,33.2220852764581,1,0.6222501995225622,0.7227585252518393
0.9656267049594858,95.70128215750827,44.84224452855116,1,0.3170388367507333,0.39335710034067956
13.775159750300984,152.3212613498024,40.12410457390447,1,0.6919135991219871,0.6833225443356951
5.85998627333328,293.9108697404761,34.15489173851506,1,0.6228616718945201,0.6436761471443508
19.726773619297816,55.07051179015296,36.87395107267055,0,0.7831866097501636,0.5798514175389045
3.8123084167123023,63.46708274155581,28.570892205525865,0,0.7738716362333578,0.2589949968905121
4.857685169868056,148.84422716423774,36.79668503512842,1,0.5799506803320353,0.49262889588090275
11.666288378745278,195.82513666028794,26.702084755964137,0,0.40846848399318864,0.48104454022343396
6.489236402273488,52.6339833711496,20.358401735896596,1,0.7018900004825008,0.3385350308745653
13.02745755157942,169.91366789046737,28.786552149597966,0,0.7911961193801641,0.5297330998787114
8.817833106545583,33.128555324957745,20.962093670125682,1,0.4698861708975442,0.340201813800014
18.84076666137997,233.55976728183686,25.9698614547481,1,0.738833568036512,0.7729757093881261
12.018422354474193,236.0774369920398,39.850772426072695,1,0.3252042265500699,0.6980248854067812
16.540543302339486,225.96621642847296,37.70221158957223,0,0.788131536108575,0.7004521473677049
7.519725247683711,196.24381165562187,32.12736071037112,0,0.5841026429838299,0.45901343205069645
11.025242777220543,267.1064057871592,21.047298388736248,0,0.55778186291546,0.5221101310124822
0.650632895394847,278.06643859779217,34.23816569197451,0,0.4249301211476372,0.41737452053381274
11.991014012715269,211.91650333908635,21.86929314020064,1,0.6366829513513084,0.5966433025379382
2.609744044548039,32.686225323201064,38.896274826045136,0,0.7166024609353412,0.2633946411525967
15.192907158144834,211.17138342304764,43.20095590023078,0,0.4038000505245234,0.6566329991444192
1.9807236878138257,40.483718507594105,39.96226897512111,1,0.5738172275055249,0.3523017196456152
3.3364986591678303,102.58513591636756,29.78598769689821,1,0.644050705642341,0.384094859197428
14.064060600175193,273.41825485825075,20.655530820885602,0,0.570534170801474,0.5805259173667776
3.4734277529327495,54.43849128271097,24.93537487195927,1,0.5253557538446386,0.2973713015752536
6.873201370816256,29.17439994756217,35.47159404142589,1,0.7572783196339855,0.41801282014880053
15.372467062586129,161.88093974830846,27.30845645383382,0,0.4265602191473942,0.517405873981308
8.736601514304319,269.8889171291989,39.69170897919963,0,0.46699729589116734,0.5876294270938389
4.808141563822835,73.33153592361097,37.871296794291545,0,0.3639791077925669,0.30109970483551657
11.65860397067964,163.29194441103988,33.73764287874293,1,0.7599300143222241,0.6257363726026136
3.23112930677504,148.2042790604243,28.416396660159037,0,0.38141439926714193,0.2933888618166559
1.5163071403274042,140.06105957861533,25.88898813519327,1,0.3341351592177639,0.3353438792672809
7.424496696445639,176.0985524915945,31.238467846603854,1,0.6705297816662361,0.5405110299256398
14.956725276705695,23.861796257390985,28.872975587306275,0,0.6238475325059682,0.4012270953741751
0.6700177972172083,296.5143029538281,33.55685700447077,1,0.6959479978153762,0.5591755562134915
19.117283109953934,274.87600930751603,38.07487965370772,0,0.6504627218640707,0.7829240138403633
0.074888111033109,186.5937301289503,26.935895329443362,1,0.3997677215174364,0.3694964162004336
18.482199771347464,284.1452907713427,21.095346540902355,1,0.31169858276582446,0.7453257242919198
10.294458221164549,64.88890779981804,39.78283580218662,0,0.5884770510686126,0.4225866465901786
15.113463321718719,177.61486253138617,38.92818980001188,1,0.5545262129464279,0.7111222307561778
1.8554259404374296,194.31982714432567,37.76639763125412,0,0.5684896354530907,0.39023713043481445
10.123860302226078,201.75908752320538,28.12228984683747,1,0.7617659291777081,0.6038369748109573
5.255556451834282,249.48432360989318,40.565977086290886,1,0.6634196371883205,0.6311943877535705
14.333814300159588,298.67084779705993,22.511400681954466,1,0.720476441788678,0.7366286463204473
18.166819513518252,291.32031475927016,20.04252718987346,1,0.3375619605070505,0.7432510154357853
1.3530925001129068,134.10703356382447,32.82949490819287,0,0.5777874301858394,0.2925418647835415
15.859381895336188,25.908885093462143,31.21110451207326,1,0.6404242447890751,0.5347571198131924
2.827297005817675,93.479153669132,30.73421441806738,0,0.7896781450399024,0.28632995228333585
10.623770505799936,142.7355635257972,33.66951815193123,0,0.4334932514727127,0.4540179814361547
13.067638918456964,144.34242695978168,34.917987201767616,1,0.4750104983485678,0.6100350810782411
15.955320323177887,29.78589207766423,38.20815954078546,0,0.5299815691365826,0.47125111189164826
16.593063382334076,195.50795958819663,20.795215944542683,0,0.5836924376035719,0.5490271082066563
19.58125200232559,262.8401175099026,35.004577692192235,1,0.6285511130854519,0.8583946050122989
6.24204689907041,140.05441754204577,37.73111095974947,1,0.6625330040533942,0.5219302044396141
13.8723800945954,141.4398890266055,23.784940488679354,1,0.6237566640158199,0.569291850015683
13.63460051919494,294.75238360415045,30.66199842942914,0,0.7643510778285503,0.6737649910494917
12.999059436639937,37.62817293674254,33.07267139340169,1,0.504232210076772,0.4939709624460287
12.508261121936183,73.67024533639545,33.73724203976688,0,0.6551046282446928,0.4404987300333493
3.3421676581754145,263.50180416100136,20.33970692421225,1,0.3846422561737541,0.46249220534172
0.6561102640644845,185.42528263527734,25.78760876863061,1,0.4221863428404682,0.37385149915223626
18.998934482874105,156.8865616868925,25.627787538143096,0,0.6424374214991067,0.5873783825159585
10.18367552312538,225.3265630357498,40.80242185314815,1,0.48733805735355107,0.677089221544688
16.54497646811273,278.65511974034416,39.30150712142931,0,0.6355574978680881,0.7475570004477015
7.6007567061874965,196.01332342598508,23.876186200974185,0,0.47824227294478294,0.4001079102845897
9.130048196911627,284.65500427538194,27.98596026226558,0,0.5804336737508771,0.5503899766700165
5.473890869588358,118.01056435766363,39.69900069565922,1,0.7816575907945482,0.5101634178288701
12.32057369315729,71.55606464670748,43.15931432563357,1,0.5763179389602713,0.5837537841267886
12.687938730793196,79.63199803982526,41.64239558465029,1,0.6768063055443396,0.5992059298910418
4.323273696755361,108.50948262385666,43.2743886586579,1,0.36616333456291467,0.4604294377253143
0.9096941810435011,216.8509953070302,25.46669107739182,1,0.5504290734803389,0.42061369728767634
15.123476100870159,69.3416583539417,43.62608800064535,0,0.3137571250060327,0.5071347306236448
9.822729088564264,268.3277622685366,44.78612229834158,0,0.6886326423418642,0.6578055193426471
1.8274165018811872,170.44179330630985,30.003035049178756,0,0.3196995626539041,0.29440974864969355
10.230009195008936,46.732400109528186,42.48338355342236,1,0.32776413345590916,0.49343427568830955
11.107529371612836,88.70358765988438,31.984016613819538,0,0.5913009175892101,0.41411954310494725
9.02907200304508,78.11116954289153,40.02980611898065,1,0.3878858055258044,0.4950873468626447
12.89257950039598,228.57985966036364,42.974003642761666,0,0.7145361076965009,0.6634976335435133
1.4164031716348013,214.1260267836795,33.12232343718448,0,0.6518640278321164,0.382833425693607
12.609463997498123,223.9205164270581,24.43324224158902,1,0.6863792745897528,0.6398235172917847
2.2404213699250985,131.75638586785965,29.184026836003497,1,0.7105327608375881,0.3971211969413287
15.393526586263013,252.52182451077795,34.954753493820704,0,0.633906507829405,0.6750277115162454
1.4831976086080756,226.84302326595758,20.46123661698811,0,0.3167761258902458,0.28724401370755215
6.85605259808616,177.68987707478132,41.061205186138196,1,0.6889456041143047,0.5929325890695488
4.2927555200104806,189.92247610344194,39.8167832243181,1,0.36140093595712625,0.5200864906452465
5.639786970885652,35.94070897392002,39.37266594071974,0,0.33969139853378155,0.28484211646211555
9.125094540297447,45.28304103311322,28.955560994530018,1,0.5889630972960007,0.41760187118509867
10.722817717050885,51.33759190788581,22.93354422447269,1,0.7095537207620399,0.4275435393793164
7.746502348501569,62.76803250145249,34.56094242446365,1,0.5857966610787677,0.4442771442548886
6.19957458046088,275.00158909962556,31.666359295252164,0,0.4913424997101356,0.5026265500002175
2.1909513526642543,30.7394845069172,40.75280723729012,1,0.6477622689715075,0.3583742034994331
1.9389001628463154,227.7278705553759,22.300015897757497,0,0.523839355135344,0.3278426543052658
11.656899624776354,284.15849429470336,31.883922523708435,1,0.5805434601192415,0.7175121188824642
15.504627871205045,69.84887781557987,38.48314873703819,1,0.6319249416608743,0.6152712521499847
8.934586632772215,148.61515027446077,43.67627554509361,0,0.34564853423531877,0.481592923042068
10.950254793464731,38.224685215382195,33.652250907027316,0,0.3147903521424118,0.34324668475742004
3.1928434486189827,108.04270714122539,21.219793645383344,0,0.6448179992143073,0.2357180292857884
6.2912612558597765,124.13353039587741,29.280596925621804,1,0.6256423975422857,0.45247842368138297
17.07586759539181,23.661717567283603,27.456546425644827,0,0.7984481694841621,0.4470734959889254
11.04574355292595,231.19420810245055,37.110212889716216,0,0.7208011008758716,0.5992361077045392
9.146528426316053,226.19409274769237,28.08852887293478,0,0.7484930132632748,0.5096388147721594
11.360948465561565,138.88179394254524,40.1419821067755,0,0.7763632510127367,0.5361866098317993
14.28250832111331,166.18350829737693,24.775286452023153,1,0.6169606196981416,0.6064751845988129
11.05004612493036,120.30068634027255,40.12830263334464,0,0.40887191733358624,0.4753335010599803
16.650040414840813,252.7886444403169,21.51124573298814,1,0.4940839978135553,0.7026402258793154
5.742736641788797,121.32749099960664,24.263571319752778,1,0.7140722252069515,0.4188140326701224
2.576478365461552,217.35705844409395,22.306658064950117,1,0.6363591305276772,0.4399212912821395
6.234893619404501,41.366638728470306,23.780601043278008,0,0.6849315053633543,0.24165403386405254
13.90865454302957,245.1000687295138,44.90464265410886,0,0.7710349449973382,0.7150328736569184
1.4359148822998735,145.74426218136227,37.19828902768105,1,0.7916670078927961,0.453229207576976
17.449756990301914,56.88625851208607,26.16847523453921,0,0.33156967001920795,0.43242482425152556
2.8367417391867233,276.5889703800746,33.97006820046846,1,0.31208299212363805,0.5412606592310168
19.17671832916628,97.19306001169811,28.53043924206855,1,0.36974209969283817,0.620942476193803
9.146304272016101,138.8213923972223,44.902978852513236,0,0.6607344437280662,0.5143730346453901
6.092589681270386,125.01920202091894,36.23107661882135,1,0.5292073312236196,0.48194671427844077
11.696814254500143,145.84764037825286,24.85509419306099,0,0.7304968172139146,0.45272213671176276
9.441946735848092,264.51358121721137,24.586709965774638,1,0.32776558497001884,0.5900444673862028
11.857179183463863,44.30160327165791,25.76108760061034,0,0.4179953879099047,0.328168303376928
14.205827140071321,26.65809248707692,44.062224899308404,0,0.5363785049929335,0.4732712673334688
1.3636093586288056,214.57203292909153,32.674569537439446,1,0.7501403310828054,0.4894966470380128
12.79444252949709,211.32952469376153,34.22003619270936,0,0.6219259041761711,0.5827450765338339
11.298329361898528,120.56690331065288,25.645871029897243,1,0.6429898194113954,0.5164618752644001
12.46092975595231,79.79242075562416,42.30106090450641,1,0.40186022883380745,0.5718510797952088
9.662459541126896,106.63395786323267,30.591682732489836,1,0.6676229822582664,0.506039394453719
15.909449126900244,227.47002476116737,42.828916565518234,0,0.4607627340707418,0.6889351572821053
15.825217397343101,293.62363283643066,38.50584601014162,0,0.5207833468625399,0.7336783480370386
12.052199959627025,107.43383282752899,39.75027921429266,0,0.7223093136990362,0.5090799387766615
0.9621759949451425,36.558434731187994,31.378843145876772,1,0.304009252217066,0.2520704987396952
8.600186935812141,203.22472484749946,27.442420523046497,1,0.5868540843173997,0.5570679277942309
9.72399238876714,217.88940291721644,35.76052163544942,1,0.6645682783099349,0.6490792273643313
15.254550413322905,268.14408810546524,27.96212958884416,0,0.7098615499431797,0.6538576528659988
0.5867868654339325,228.27329724681104,41.049478073603,1,0.4379667594150903,0.5086356117750318
1.8614974882572888,247.23463412443945,41.99895004299605,1,0.34767365203985384,0.5465719056309037
19.401831750719325,127.11397665798911,42.114331674926554,0,0.7563494434483298,0.6749669666899696
16.156824230941154,52.38093794918558,21.837354007445665,1,0.3866034786545222,0.48480983390078203
3.9915865970400377,23.949816673185786,38.142729565304016,0,0.6467502291300011,0.26733398242621065
9.503818086322855,287.5701509390078,41.77700311648982,1,0.36641452291242027,0.7211904384398388
19.53811847339193,28.525526732524767,37.40384687374311,1,0.3430129272992404,0.6091669739892662
14.538471720647442,247.92115626095773,20.677244751465526,0,0.7329581905437973,0.5797036989354608
3.8784105728670615,217.48108296956693,40.03489331138418,1,0.41616672443139746,0.5471793003061852
7.2390748130063765,296.46242085881767,27.17192666272357,1,0.5092037398599885,0.6170981640487695
2.270987987947506,290.893211079395,22.4694242860823,1,0.7010344578099246,0.5155554923659627
8.438853031782399,289.2375280927322,20.317494974921676,1,0.6548522870038871,0.604307654698843
17.51587913678516,204.9956949784558,42.06649370497503,1,0.7368683192017981,0.817609374022226
16.558743006791886,135.40153544002595,22.463406325822163,1,0.51778276635347,0.5917382526491638
10.452353438501303,37.6338132032947,30.126114534992393,0,0.5750342446289839,0.33881011004992023
14.36859372722964,86.56272270914181,42.89629013976588,0,0.4462178762694166,0.5200126414011974
0.9445559737037601,250.53706262937797,41.230887224255596,0,0.736210554137489,0.4680731709284763
13.555926486226877,198.2465236666775,37.50210416347791,0,0.3465909357341079,0.575146955729926
14.06527664709817,171.06011532833108,42.70850739072932,0,0.5311361729557128,0.6065671182924962
6.039281722141094,87.68674539208607,32.997214763713245,1,0.34180866343020966,0.40553833045485566
5.762756247982019,104.55185154687948,41.324178480395204,0,0.6964273035908638,0.40298788712802247
14.077878669045358,136.64978565588487,28.48180697074783,0,0.6890938458984369,0.5028128887785093
9.626541908566233,276.78595526482604,30.57185501978237,0,0.5925784899226556,0.5679394177756949
11.551547837570782,144.86073761310104,24.18387219121835,0,0.7332337872578585,0.4454394366436857
3.022612074663107,49.77258827415892,35.27906181802729,1,0.4224229792013872,0.33658496840906577
18.821812873037338,295.7535377726174,26.857295812937252,0,0.7979510017623233,0.7460741381046266
11.665572233141956,267.5482143701355,37.1823083508943,0,0.5850086097893256,0.6332904395344181
8.56982083725182,122.2815298172494,38.15809096826028,0,0.6819574731866243,0.4493976875973804
10.892952893237958,129.153714476856,22.994051363634956,1,0.7251879281240767,0.5102634911027376
2.5850808040682427,124.4794631236587,30.011146825319003,0,0.3843946670265863,0.2682247248494256
9.635186517501833,94.4066008127719,33.0720444610835,1,0.48347436012182093,0.4898020676477371
8.905009673345168,128.4555557136847,21.68118350079395,1,0.48963069590995684,0.44334339559298447
6.992845115314847,239.9313372570938,42.23253513437626,1,0.5252976421318749,0.6482311017945486
17.31694911740686,215.91434908332064,29.46982490346415,0,0.5022955515409437,0.6260094632128199
4.951907155709687,205.45494524879447,41.224170951539335,0,0.6646997770383831,0.48592832388678836
8.10358083272845,90.30839568762379,22.87193583855543,1,0.368748408276544,0.3862275161193586
19.210770250449578,298.14907768369,36.057191353775025,0,0.6902064917059105,0.7997013543597987
9.070912412362881,173.07453859132977,36.861510013231054,1,0.33954442659643264,0.5669390085467099
5.9996901522422625,158.56280638838308,42.430011501220136,0,0.3527232454491049,0.433409777604854
15.40247423524987,54.14038432829655,27.626001208205892,0,0.3443014989264662,0.4038698405870512
2.9973354894901516,44.75224007998065,24.82636492581002,1,0.6146913960040239,0.2876329403013208
13.433337583682128,168.8766074178876,22.82114129179035,1,0.4110458508677102,0.561991447969838
0.9378049905137198,63.77092129743319,37.516748743494546,1,0.42242775311197417,0.327525776403588
5.998514114361835,31.224140511199355,35.91154186978499,0,0.38987571346839733,0.2706549600780811
13.667243209932515,225.56419565276144,31.39672566902704,1,0.6611792873049961,0.6992392345712423
6.804107351111471,60.07166369593901,34.67975489867076,0,0.3661067676157734,0.30383274849399167
12.091978893032513,248.5953191898564,23.187168862339195,1,0.31423219619999776,0.6107511826119603
15.915850345262472,171.33477308894197,42.3379128620888,1,0.33300030859054225,0.7171896621626221
0.5768770112356192,21.630265501209784,36.69710903291744,0,0.6231338786521781,0.19422165526055557
1.4750585508748881,241.73808314245292,24.783596828991783,0,0.62732501283922,0.3589856900406362
5.671687138490238,74.39799046426839,31.617653679853976,1,0.42530106266445317,0.3858885437334167
19.775051370346144,133.296151643497,33.06491587790258,0,0.5805132327650135,0.6158003691684713
4.055927122209844,240.07324101197028,40.86173525354215,0,0.4029338044635356,0.47651575761824894
8.195601099883065,166.11019447597994,40.952465807907856,0,0.5352554248085502,0.48877355105223574
11.405510500912744,183.87935444456997,40.84848218201171,1,0.7373942478574315,0.6823061060883563
10.380978576858471,122.44659805663036,22.099168302032194,1,0.6010612628520708,0.47681485924905376
12.06093413875809,221.40481298707994,35.67227707452643,1,0.6266644919066993,0.689171272053175
16.542160274670266,36.333484929414446,42.42568899079223,1,0.4226264332254636,0.6026380670034438
3.4025459978996553,52.09482190859849,36.54005235363402,1,0.32734734905328766,0.3436144258989753
2.2321590146876824,230.9592142935744,29.957422846338524,0,0.6033368081502555,0.3901002149436655
0.7378478584665737,230.02996613927792,38.15118037618048,1,0.38860720853149705,0.49071010677267557
1.4756483416309285,54.63404955198488,39.22628680861618,1,0.4776513310768164,0.34358074948990486
6.1779725985217615,41.674546262691536,29.915345505792054,1,0.6488810053336547,0.37416924030494014
1.2247254645950822,56.73258516818669,41.80842128638666,1,0.6243901216897132,0.37145482068589186
0.9390443780473379,252.0578867368291,28.479987594766712,0,0.6764211747212003,0.3870132063933779
16.052604772509653,230.5908691862234,25.242186609099754,1,0.6352158000809662,0.7064861523678374
11.322895591402034,126.48587822090235,25.52483780280162,0,0.32444019466227136,0.3902295973534748
18.719527145133142,92.65762596169107,39.321885953449254,1,0.38847962471571607,0.6750286291937881
6.534048834737374,239.0448638459548,34.483488522949685,0,0.6347994007533639,0.5037715896668933
7.113043688091329,230.59806756657088,27.968015383157606,0,0.30239858849847673,0.4331242832569624
18.71757636373822,182.41708447107862,27.014562670421146,1,0.6167094775632145,0.7137329946153458
13.67122424457261,96.27417233116381,39.068545230409,0,0.562990500239085,0.5062309180175469
13.541619316642048,221.26039048431488,35.900253959581285,0,0.44827124624658493,0.5984673769076969
6.604134959038525,110.2411376060656,29.54951249422063,1,0.6310261241392512,0.44621318676848865
11.75232862112416,70.84097178287814,33.83068555845232,1,0.3011087721350251,0.48960171321676743
4.803158004544848,74.12940725189142,41.351618381958566,0,0.5002080850644672,0.3363151911296244
14.226429792007437,240.77836501030336,28.239090717597566,1,0.5236147222952068,0.6915369029055396
4.3002568132873105,122.61338644491326,36.62011265738115,1,0.7124713658206214,0.46883569320379026
8.763449465520605,82.01733586397515,31.04378496624924,1,0.46100528702221083,0.44774094001030224
6.089841754990212,103.89287024527982,30.63663882802146,0,0.7165366868821444,0.3459386026139517
17.285186515045865,91.83462090253344,31.694290048395686,0,0.7955638356081403,0.5440475087670242
15.862875203266967,134.7392160378385,43.80069523950382,1,0.6706710194923029,0.7222108054812635
13.647222704400168,50.237519432582864,43.481652138397884,0,0.5734027069398435,0.4872941002839574
7.8741281239272665,124.73159749519874,36.12585734548949,0,0.40023701649559396,0.39930768538642225
8.485588840635568,184.89426693022796,26.357926199596925,1,0.6761765539552821,0.5391572842344602
1.851917766006359,203.71708244882552,39.232673718792,0,0.5448023625035217,0.406001921917041
11.310956970225632,190.29708518775928,43.050048431438256,0,0.6267840181902607,0.5892175245743634
0.6328329458055992,156.70519279183355,25.04692019928104,1,0.3394273580605754,0.33200402634517534
12.262880740430816,90.24721825659918,39.54499334075871,0,0.7455323067332464,0.4966708219320154
4.321707340593188,102.8779734297327,31.730761098969925,1,0.5061415962558038,0.3995065781095134
6.901493488796982,132.95808003680537,29.99411917172364,1,0.4857558072245815,0.4622745118435525
15.28005294737256,81.53372062152707,35.64878638976002,0,0.375861138497908,0.4804134793888978
2.2271298460561817,147.98166028521842,36.8784475706009,0,0.6039594402657518,0.3486230620413821
12.797042401272481,26.55431268769922,41.14755293961113,0,0.34111441507242796,0.41149931385487715
5.454535765073951,83.26692839387809,35.27853813273708,0,0.49062234458467074,0.3194547675375618
16.664424464664048,166.7340419633791,43.84927134992329,1,0.3059260587942384,0.7320497040739633
3.3773445899385846,208.64754675402702,36.591843158913775,1,0.46993869584749365,0.5142960056161843
1.0610019798192916,280.1565046210623,32.380104066908864,1,0.6162625645575752,0.5346309201251105
3.861889379565091,230.03726221624754,38.12570924819495,0,0.7326823850756448,0.4796428203553708
1.6216837589031141,180.5785085222346,21.996519807939567,0,0.4379328455197095,0.26473037770264746
18.21159125100946,159.92539148942697,32.97729624931392,0,0.748019541488312,0.6312939700268072
16.70968467502491,289.99843980237733,29.73971634322433,1,0.5764489249811244,0.7985011121727716
12.437726845061052,145.0936060345333,38.72424909475669,1,0.34749759206339803,0.6098490795979816
14.567567512887415,127.67574607501986,34.54853569191102,0,0.4307856267702809,0.5129779543790438
8.910014757985422,261.9374538080141,44.84624758838125,1,0.5698062456089641,0.7239208221639428
6.549812219316184,130.0032896112457,32.56486219209934,1,0.7070062475418011,0.490714801356055
12.323375735251297,129.06187354227507,25.23396541482953,1,0.566150483610374,0.5327397897591872
6.9514842347436705,244.13504419326642,41.87454585220915,1,0.46763763663823144,0.6437970570783588
9.378494897380104,230.7628825350233,21.937924278892364,1,0.36061622710696234,0.5425757116232256
10.215450194474254,37.98834661235947,29.85878783120433,1,0.6263683319538298,0.4385482851982679
0.6265934295031372,221.94470023555309,25.99934614757028,1,0.6933110514700549,0.43823726728428514
11.41199764548232,64.31148909586946,36.27078708002663,0,0.7664544259005495,0.4382916129620248
15.517862032671676,167.29356910487658,44.61609201991523,1,0.7947687817466198,0.7660295849707842
12.84682903832988,59.69724414245265,40.303471114580645,0,0.5734259900461698,0.4636801780053263
13.890062673687748,75.63984624611447,39.24634196580541,0,0.6566107584472073,0.49985507067520324
18.39170483851387,244.43766202848363,21.799746003145287,1,0.7836284994248053,0.7554538226638287
3.7022145245290683,49.9942576154718,24.951726730439965,0,0.488026685308124,0.19329604070818268
13.497916453144597,244.88482332913438,22.259603772830364,1,0.4346418111867302,0.63812016501482
15.62760034700707,109.5530676836338,35.98749084814019,0,0.7440052048547519,0.5533615393305737
17.654104417083662,237.3263548947815,27.85836259282605,0,0.4567259423584751,0.6390959519865493
12.32230205186431,264.6749689705801,26.43568592955745,1,0.42793931806984487,0.6617233022625346
10.140391060512284,175.1500759941903,27.479625424925622,0,0.6686154153867712,0.4643462136413861
3.424715409348067,233.28095203441296,37.55411855818994,1,0.41036567627297726,0.5395747506744414
14.397759341263729,124.90312851692428,25.879166586145686,1,0.3418764729964532,0.546326563805559
12.631207855290373,127.38822842460472,34.11125053538209,1,0.6752866055516923,0.600630529659648
2.6394511054995506,198.43578040883258,32.39369106782824,1,0.6812881041167823,0.48711713157372244
19.520424948203676,55.874092892086026,28.1925879942163,0,0.32900416618836836,0.479537474069785
6.9061196219530245,31.273615475899152,37.62390016079404,1,0.6831119260206917,0.42618530242691044
4.426516509822074,162.43412871064592,21.48360241389249,0,0.7133625213608428,0.3201360342519714
11.033577511940853,110.58685374437158,21.095646919678693,1,0.502724998165609,0.46052084153796957
13.536631136892517,62.48073178058798,44.161417664835994,0,0.46478893228121376,0.49081917589334434
15.568291544655308,244.9952258276312,35.39799871511449,1,0.5467987714807451,0.7645081972978606
8.194838958509436,58.45798334616069,42.08459461197893,0,0.4820738853948667,0.38258262133143606
8.064000563301652,270.2977760706741,25.46209017112094,0,0.39713374381377275,0.48390370133655597
6.021535143896239,261.2320804667603,22.959579613051723,1,0.3090223725950454,0.5152686604227594
7.493989670944381,54.49045415762231,36.959203773094174,0,0.7344789906690727,0.36083839510462135
10.178504081963908,223.5939428737448,24.961620484702973,0,0.6056531071606683,0.49205279793239787
13.31494667158481,179.4285892715371,28.226832580693372,0,0.4997025221238942,0.511771403720821
10.392926865487834,119.79638519061365,20.82168831298653,1,0.4256813339735639,0.4491708686119263
8.504814840484576,92.66114526473412,30.015821675735786,1,0.6779953132184443,0.46938986634947333
12.920304867789271,42.500185131246546,29.24228193770433,0,0.4083827939540828,0.3648974913391931
6.824233319412876,49.76893950715056,35.317024723245865,0,0.5593193773373768,0.3170271086700887
3.647293457903895,238.14531757804392,34.18668794099196,1,0.4306235271261743,0.5301554334499312
15.69780332639825,28.13619022283312,39.20861831702949,1,0.6010583994958825,0.5782052982865676
19.05304762053231,219.74791235226647,41.86052811322939,1,0.7220889507902113,0.8565483094699794
4.5985311199740515,119.73134455441277,20.09936079848841,1,0.7462050845280878,0.37542231239769785
18.370497225269514,186.3707285002453,25.25461423194779,0,0.49984817181526064,0.5893669325156744
18.598330364677363,207.13274258093713,20.736229628031385,0,0.568960332138245,0.5939169349448037
12.91023707418404,261.1749269896885,39.31546964485055,0,0.4973299655440068,0.6527298902114133
